frame,p1_xmin,p1_ymin,p1_xmax,p1_ymax,p2_xmin,p2_ymin,p2_xmax,p2_ymax,p3_xmin,p3_ymin,p3_xmax,p3_ymax,p4_xmin,p4_ymin,p4_xmax,p4_ymax,p5_xmin,p5_ymin,p5_xmax,p5_ymax,p6_xmin,p6_ymin,p6_xmax,p6_ymax,p7_xmin,p7_ymin,p7_xmax,p7_ymax,p8_xmin,p8_ymin,p8_xmax,p8_ymax,p9_xmin,p9_ymin,p9_xmax,p9_ymax,p10_xmin,p10_ymin,p10_xmax,p10_ymax,p11_xmin,p11_ymin,p11_xmax,p11_ymax,p12_xmin,p12_ymin,p12_xmax,p12_ymax,p15_xmin,p15_ymin,p15_xmax,p15_ymax,p16_xmin,p16_ymin,p16_xmax,p16_ymax,p17_xmin,p17_ymin,p17_xmax,p17_ymax,p19_xmin,p19_ymin,p19_xmax,p19_ymax
0,2941,1144,3063,1481,2422,1104,2554,1456,1628,937,1760,1260,1961,1004,2076,1323,1321,970,1430,1244,47,737,136,1008,811,911,913,1175,3453,434,3517,591,2236,1791,2392,1964,420,888,523,1135,1077,904,1151,1184
1,2940,1143,3063,1481,2422,1103,2553,1450,1627,936,1760,1260,1961,1002,2077,1322,1321,970,1430,1244,46,737,135,1008,811,910,914,1175,3450,432,3515,591,2234,1793,2388,1964,419,886,525,1139,1077,904,1151,1183
2,2941,1142,3064,1481,2423,1099,2555,1450,1627,935,1760,1261,1961,1001,2077,1322,1320,970,1430,1245,46,737,135,1008,813,909,915,1175,3450,431,3514,590,2233,1794,2386,1964,419,885,525,1140,1077,904,1151,1182
3,2941,1141,3064,1481,2424,1098,2557,1450,1627,935,1760,1261,1963,1001,2079,1322,1321,970,1430,1245,46,737,136,1009,815,909,917,1173,3449,431,3513,590,2231,1795,2382,1964,420,885,526,1141,1077,904,1151,1183
4,2942,1140,3065,1481,2427,1096,2556,1438,1628,934,1761,1261,1965,1001,2081,1322,1320,969,1429,1243,46,738,135,1009,818,909,920,1172,3447,431,3511,590,2229,1796,2380,1964,421,884,529,1143,1078,903,1152,1180
5,2942,1140,3064,1481,2429,1095,2555,1427,1632,937,1764,1262,1966,1003,2081,1321,1320,969,1429,1243,45,737,135,1009,821,909,923,1171,3446,432,3510,590,2227,1796,2379,1963,423,885,527,1140,1079,902,1152,1180
6,2943,1140,3064,1481,2429,1094,2555,1424,1629,935,1763,1262,1967,1002,2082,1321,1320,968,1428,1242,44,737,134,1009,822,909,925,1172,3445,433,3508,591,2226,1799,2376,1964,423,885,527,1141,1078,902,1152,1179
7,2943,1142,3063,1481,2430,1092,2556,1423,1631,938,1764,1262,1969,1003,2083,1321,1320,968,1428,1242,43,736,133,1009,825,909,927,1172,3444,433,3507,591,2226,1802,2373,1963,428,885,529,1137,1078,901,1153,1180
8,2943,1143,3061,1481,2430,1092,2557,1421,1632,938,1765,1262,1971,1004,2084,1321,1319,969,1427,1242,43,736,133,1007,827,909,930,1171,3443,434,3506,592,2224,1803,2371,1963,435,885,533,1132,1078,900,1152,1180
9,2943,1143,3061,1482,2430,1091,2557,1421,1632,939,1765,1262,1972,1004,2085,1322,1319,969,1428,1242,43,736,132,1005,830,909,933,1171,3442,434,3505,592,2220,1804,2368,1962,437,885,534,1128,1077,899,1152,1180
10,2943,1144,3060,1482,2429,1090,2557,1422,1629,935,1763,1263,1973,1005,2086,1322,1320,969,1428,1242,44,736,132,1003,830,909,934,1171,3442,436,3504,593,2219,1805,2366,1962,447,885,541,1127,1072,899,1147,1179
11,2943,1143,3059,1483,2429,1089,2558,1422,1631,937,1765,1263,1974,1005,2086,1321,1319,969,1428,1242,44,736,132,1001,830,909,934,1171,3442,436,3503,593,2217,1807,2363,1962,453,885,545,1129,1070,898,1146,1180
12,2944,1141,3060,1483,2428,1088,2558,1422,1632,938,1766,1263,1974,1005,2085,1321,1319,970,1428,1243,43,736,131,998,828,909,933,1171,3442,437,3502,591,2217,1809,2362,1961,460,885,550,1129,1069,897,1145,1181
13,2944,1141,3060,1483,2426,1085,2557,1424,1632,938,1766,1263,1973,1004,2083,1320,1320,970,1428,1243,43,735,130,995,827,909,931,1171,3442,437,3501,590,2214,1809,2361,1961,464,884,554,1128,1070,897,1146,1182
14,2944,1139,3060,1483,2423,1084,2555,1425,1628,935,1764,1263,1972,1003,2082,1320,1319,971,1428,1243,43,735,129,993,826,908,930,1171,3441,437,3500,590,2212,1809,2359,1961,470,883,559,1130,1070,896,1147,1182
15,2944,1138,3058,1483,2421,1082,2554,1424,1630,937,1766,1263,1972,1003,2081,1322,1320,972,1428,1243,42,734,128,992,825,909,928,1171,3441,437,3499,587,2209,1809,2358,1961,473,883,562,1133,1070,895,1147,1182
16,2944,1138,3058,1483,2419,1081,2550,1418,1631,939,1766,1263,1972,1003,2081,1322,1321,974,1428,1244,41,734,128,992,823,909,927,1172,3440,437,3498,587,2207,1809,2356,1961,476,881,564,1130,1070,895,1147,1182
17,2944,1138,3057,1483,2416,1080,2548,1414,1631,940,1766,1263,1970,1002,2080,1325,1321,975,1428,1244,40,735,127,992,821,909,925,1174,3440,437,3497,587,2205,1809,2355,1961,480,880,567,1130,1070,894,1147,1182
18,2944,1139,3057,1484,2415,1079,2546,1412,1631,940,1765,1263,1970,1002,2081,1325,1322,975,1429,1245,39,735,126,992,820,909,924,1176,3439,437,3497,589,2204,1809,2354,1961,485,879,571,1129,1070,893,1148,1182
19,2944,1139,3057,1483,2414,1078,2545,1410,1631,940,1766,1263,1970,1002,2080,1325,1321,975,1428,1245,37,735,125,992,820,909,923,1176,3438,437,3495,587,2202,1808,2353,1961,487,879,572,1128,1071,893,1149,1181
20,2944,1139,3057,1483,2413,1075,2545,1409,1628,938,1763,1262,1970,1002,2080,1325,1321,974,1428,1245,34,735,123,993,820,910,922,1176,3437,437,3494,587,2201,1807,2352,1960,488,879,574,1128,1071,892,1149,1180
21,2943,1139,3057,1483,2412,1072,2543,1403,1630,940,1765,1262,1969,1002,2079,1325,1321,974,1428,1244,31,733,121,994,820,910,921,1176,3437,437,3493,586,2198,1806,2352,1960,490,876,575,1128,1072,891,1150,1179
22,2942,1139,3057,1483,2411,1071,2540,1397,1631,940,1766,1262,1969,1002,2079,1326,1321,974,1428,1244,30,731,121,995,819,910,921,1176,3436,438,3492,586,2197,1804,2351,1960,491,872,577,1125,1073,889,1153,1179
23,2941,1139,3056,1483,2408,1067,2539,1398,1630,941,1766,1262,1969,1003,2077,1324,1321,974,1428,1244,28,730,121,996,817,910,918,1177,3436,438,3491,588,2196,1804,2350,1961,491,869,577,1125,1074,888,1155,1178
24,2940,1139,3056,1482,2407,1065,2538,1398,1631,941,1766,1261,1969,1005,2076,1322,1320,974,1428,1245,28,732,120,996,815,908,917,1179,3435,438,3491,588,2194,1802,2349,1961,491,866,577,1124,1076,888,1156,1174
25,2939,1139,3056,1482,2406,1063,2539,1400,1631,941,1766,1261,1968,1005,2074,1322,1320,974,1427,1245,27,734,120,996,814,907,915,1179,3435,438,3491,589,2193,1800,2349,1961,491,864,577,1122,1077,887,1159,1174
26,2939,1139,3056,1482,2406,1062,2538,1397,1631,942,1765,1261,1965,1008,2071,1322,1319,975,1428,1246,26,735,119,996,813,908,914,1182,3434,439,3490,590,2193,1799,2348,1961,491,862,576,1122,1079,887,1162,1175
27,2940,1140,3058,1482,2406,1062,2537,1392,1631,942,1765,1260,1963,1010,2067,1321,1320,975,1428,1247,23,736,117,996,811,910,912,1184,3434,439,3489,590,2192,1796,2348,1961,490,861,576,1123,1080,886,1165,1179
28,2940,1140,3059,1484,2406,1061,2536,1387,1631,942,1765,1260,1961,1012,2064,1321,1320,974,1429,1246,22,736,117,996,809,911,910,1183,3433,439,3488,588,2191,1793,2348,1961,491,860,577,1123,1081,886,1167,1180
29,2940,1141,3059,1484,2406,1060,2536,1385,1627,940,1762,1261,1959,1013,2061,1320,1320,974,1429,1246,21,736,118,996,808,912,908,1180,3433,437,3487,588,2191,1790,2349,1962,492,859,579,1123,1082,886,1168,1178
30,2941,1141,3060,1484,2406,1059,2535,1381,1626,938,1761,1261,1958,1014,2059,1318,1321,974,1429,1246,22,737,118,996,806,913,906,1177,3432,437,3487,588,2190,1787,2349,1962,494,859,580,1123,1082,885,1170,1177
31,2941,1140,3061,1483,2407,1058,2535,1379,1629,939,1764,1261,1958,1014,2058,1315,1321,974,1429,1246,22,737,119,997,803,914,904,1176,3432,437,3487,588,2190,1782,2350,1962,495,858,582,1123,1081,886,1171,1179
32,2943,1139,3063,1483,2408,1058,2535,1375,1630,939,1766,1261,1957,1015,2056,1315,1322,975,1430,1247,22,738,118,997,800,915,902,1175,3432,437,3486,588,2189,1778,2350,1962,495,859,583,1124,1080,885,1171,1179
33,2945,1139,3064,1483,2408,1059,2535,1372,1631,939,1766,1261,1956,1017,2054,1314,1323,975,1431,1247,21,739,119,997,798,916,901,1174,3431,438,3486,589,2189,1776,2349,1962,497,858,585,1124,1080,885,1172,1181
34,2946,1138,3065,1483,2409,1057,2537,1373,1631,939,1766,1261,1955,1018,2053,1314,1324,974,1431,1246,20,739,118,996,796,914,900,1173,3430,438,3485,590,2188,1773,2347,1962,497,858,586,1125,1079,885,1172,1182
35,2947,1136,3066,1482,2410,1055,2537,1371,1630,939,1766,1262,1954,1018,2052,1315,1324,974,1430,1244,19,740,117,996,791,915,897,1175,3430,437,3484,591,2188,1771,2345,1961,498,858,587,1124,1079,885,1173,1182
36,2947,1133,3067,1484,2412,1054,2539,1369,1630,939,1766,1261,1954,1019,2051,1314,1324,974,1430,1245,19,740,118,995,786,914,895,1178,3429,437,3484,591,2186,1769,2342,1960,498,858,587,1124,1078,885,1174,1185
37,2947,1131,3067,1484,2413,1053,2541,1370,1630,940,1767,1262,1953,1018,2051,1314,1325,974,1430,1245,18,740,118,995,784,914,893,1177,3429,437,3484,592,2185,1766,2340,1960,499,857,586,1121,1079,885,1177,1187
38,2948,1129,3068,1482,2415,1052,2542,1370,1631,940,1768,1262,1953,1018,2051,1314,1325,974,1430,1244,18,739,118,994,782,915,893,1177,3430,437,3484,591,2184,1764,2339,1960,500,859,587,1120,1080,885,1178,1184
39,2949,1128,3068,1480,2416,1050,2544,1370,1631,940,1768,1262,1952,1017,2050,1314,1326,974,1430,1244,13,739,114,992,781,915,893,1178,3429,437,3484,591,2185,1763,2337,1960,500,859,586,1118,1080,886,1179,1183
40,2951,1128,3068,1478,2418,1049,2545,1370,1630,941,1768,1263,1951,1018,2050,1314,1327,974,1431,1244,11,739,114,991,782,915,894,1180,3429,437,3483,590,2185,1763,2337,1961,499,859,584,1117,1081,887,1180,1181
41,2952,1127,3070,1478,2419,1047,2546,1370,1627,938,1765,1261,1950,1018,2049,1314,1329,974,1431,1244,11,739,114,989,783,914,897,1182,3426,434,3482,591,2186,1762,2336,1961,498,859,583,1118,1081,887,1181,1180
42,2954,1125,3072,1477,2421,1045,2548,1370,1629,940,1767,1262,1949,1019,2047,1313,1330,974,1432,1245,9,738,112,988,786,914,900,1182,3426,433,3481,591,2187,1762,2336,1961,497,859,582,1118,1080,887,1181,1181
43,2955,1124,3072,1475,2423,1042,2549,1369,1630,940,1768,1262,1947,1019,2045,1312,1330,973,1432,1245,8,737,111,988,787,914,900,1179,3425,433,3480,590,2189,1761,2335,1960,497,858,580,1119,1080,888,1182,1182
44,2955,1123,3072,1471,2426,1041,2551,1369,1630,940,1768,1262,1946,1019,2043,1312,1331,971,1432,1245,6,736,110,987,790,914,904,1179,3425,434,3479,590,2190,1761,2335,1960,497,858,580,1119,1081,888,1183,1181
45,2956,1124,3072,1469,2428,1042,2552,1368,1630,940,1768,1263,1944,1017,2042,1314,1331,971,1432,1245,5,735,109,988,791,914,905,1180,3425,434,3479,590,2191,1761,2335,1960,497,858,579,1119,1081,889,1184,1181
46,2956,1123,3072,1467,2429,1041,2552,1367,1630,940,1768,1263,1944,1016,2042,1314,1332,970,1431,1244,5,735,108,988,793,914,907,1180,3423,436,3477,592,2191,1761,2335,1960,497,859,578,1119,1082,889,1185,1182
47,2956,1122,3072,1466,2430,1041,2551,1366,1630,940,1769,1263,1943,1016,2041,1315,1332,970,1431,1244,5,734,108,989,795,915,908,1178,3423,436,3476,592,2192,1762,2334,1960,497,859,578,1118,1082,887,1187,1184
48,2955,1122,3071,1467,2431,1041,2551,1364,1630,939,1769,1261,1942,1016,2040,1316,1332,970,1431,1244,6,734,109,989,796,915,911,1181,3423,437,3476,594,2192,1762,2334,1960,496,859,577,1118,1083,887,1188,1184
49,2955,1121,3071,1465,2430,1041,2550,1364,1629,939,1768,1261,1942,1017,2040,1316,1333,969,1430,1244,8,733,110,990,798,915,913,1183,3423,437,3477,594,2192,1762,2334,1961,496,859,575,1117,1084,888,1189,1185
50,2954,1120,3071,1465,2431,1041,2550,1364,1629,939,1768,1261,1942,1017,2040,1315,1333,969,1430,1242,10,733,111,990,799,914,914,1184,3423,438,3478,595,2193,1761,2334,1961,496,859,574,1116,1086,890,1190,1184
51,2953,1120,3070,1464,2431,1042,2549,1363,1629,939,1768,1262,1942,1018,2039,1315,1334,967,1430,1241,11,733,111,990,801,913,915,1184,3424,437,3478,596,2192,1761,2334,1962,495,860,573,1117,1089,890,1192,1183
52,2952,1119,3069,1464,2430,1042,2547,1364,1629,939,1768,1262,1940,1017,2039,1317,1334,966,1430,1241,12,730,112,990,803,911,916,1181,3424,437,3478,596,2191,1760,2334,1962,494,860,573,1119,1090,890,1194,1186
53,2950,1118,3067,1464,2432,1041,2548,1363,1629,939,1768,1262,1941,1018,2038,1316,1334,965,1431,1242,15,728,114,990,807,911,918,1178,3424,437,3479,596,2188,1760,2331,1963,493,860,572,1120,1092,890,1196,1187
54,2949,1118,3066,1463,2433,1041,2548,1362,1629,939,1769,1262,1941,1018,2039,1316,1334,964,1432,1244,17,726,115,990,812,910,921,1175,3424,437,3479,596,2183,1761,2328,1964,491,860,571,1120,1094,893,1197,1186
55,2949,1118,3065,1462,2434,1041,2547,1359,1629,939,1769,1263,1942,1019,2041,1318,1335,963,1433,1245,19,727,115,990,816,910,924,1173,3424,437,3479,596,2178,1762,2325,1964,490,860,569,1120,1097,897,1198,1187
56,2948,1118,3064,1460,2436,1041,2547,1356,1629,939,1769,1263,1942,1019,2041,1318,1337,962,1435,1246,21,727,116,991,819,911,926,1173,3425,437,3480,596,2171,1764,2320,1963,489,862,568,1120,1099,899,1200,1187
57,2948,1117,3063,1459,2438,1041,2547,1355,1629,940,1768,1263,1941,1019,2041,1319,1337,961,1436,1248,23,726,117,991,820,910,929,1176,3424,438,3480,597,2162,1766,2314,1963,488,862,567,1120,1101,900,1202,1187
58,2948,1117,3063,1456,2438,1041,2547,1357,1629,940,1768,1263,1942,1019,2042,1318,1339,961,1437,1247,24,725,118,991,822,910,930,1175,3424,438,3480,596,2150,1768,2308,1963,488,865,566,1118,1101,899,1202,1188
59,2948,1115,3063,1452,2436,1041,2546,1358,1630,941,1769,1263,1941,1019,2041,1316,1341,962,1438,1244,25,723,118,991,824,909,930,1171,3424,437,3480,595,2145,1769,2308,1962,487,869,565,1119,1102,898,1203,1187
60,2947,1115,3062,1450,2435,1041,2545,1359,1629,939,1769,1263,1941,1019,2042,1315,1342,963,1440,1242,26,722,119,990,825,909,930,1170,3424,436,3480,595,2140,1769,2308,1962,487,871,566,1120,1103,897,1204,1186
61,2945,1113,3061,1449,2434,1041,2543,1359,1629,939,1770,1263,1941,1018,2042,1314,1344,962,1441,1242,27,722,118,990,826,908,930,1169,3424,436,3479,594,2143,1770,2314,1963,486,872,565,1120,1103,897,1204,1186
62,2943,1111,3061,1448,2433,1041,2543,1361,1630,939,1770,1263,1940,1018,2042,1314,1347,960,1444,1239,28,721,118,990,827,908,931,1168,3423,436,3479,594,2146,1771,2320,1963,486,873,565,1120,1104,897,1205,1186,0,1483,127,1958
63,2942,1110,3060,1449,2433,1041,2542,1362,1630,939,1770,1263,1940,1018,2043,1313,1348,958,1446,1239,29,720,119,989,827,908,932,1168,3423,435,3479,594,2149,1771,2325,1963,485,877,565,1121,1104,897,1206,1185,0,1483,127,1957
64,2940,1108,3059,1449,2431,1042,2542,1365,1629,941,1769,1263,1940,1017,2043,1315,1348,957,1448,1241,30,719,119,989,828,908,933,1169,3423,434,3479,594,2151,1772,2329,1963,483,880,564,1123,1107,897,1208,1184,1,1484,127,1956
65,2938,1107,3058,1449,2430,1042,2543,1370,1629,941,1768,1262,1939,1015,2044,1315,1349,956,1449,1242,30,719,119,990,829,909,934,1170,3422,434,3479,595,2157,1775,2333,1962,482,882,564,1124,1107,897,1209,1186,3,1485,129,1956
66,2938,1106,3058,1448,2430,1042,2543,1372,1629,941,1768,1262,1939,1013,2044,1316,1351,956,1451,1240,31,719,118,990,828,909,934,1172,3422,434,3479,595,2163,1775,2340,1963,479,883,564,1124,1107,897,1210,1185,12,1483,141,1959
67,2938,1106,3058,1448,2430,1042,2545,1373,1628,941,1768,1262,1939,1013,2045,1318,1354,956,1453,1239,33,719,119,989,827,909,934,1174,3422,434,3479,595,2167,1776,2345,1965,476,883,563,1124,1107,896,1210,1185,33,1485,166,1959
68,2938,1105,3059,1448,2430,1042,2546,1375,1624,940,1763,1262,1940,1012,2046,1318,1355,956,1454,1238,34,719,120,989,826,909,933,1175,3422,434,3479,595,2174,1782,2348,1964,473,883,561,1123,1106,895,1210,1185,40,1487,177,1960
69,2939,1104,3060,1449,2431,1043,2546,1376,1627,942,1765,1261,1941,1011,2047,1318,1356,955,1455,1237,34,718,120,987,825,909,931,1175,3422,434,3479,595,2182,1785,2352,1963,471,884,561,1122,1106,895,1210,1186,38,1488,179,1959,2,1700,137,1962
70,2939,1103,3061,1448,2432,1045,2547,1377,1627,941,1765,1259,1942,1011,2048,1318,1357,954,1455,1237,35,717,120,987,823,910,929,1175,3422,434,3479,595,2185,1789,2355,1964,467,883,560,1121,1105,894,1209,1186,36,1495,176,1946,5,1700,142,1962
71,2941,1102,3062,1449,2432,1050,2545,1376,1628,941,1765,1259,1942,1010,2049,1319,1358,954,1456,1237,35,717,120,987,821,911,927,1175,3422,434,3479,595,2188,1790,2358,1964,465,883,560,1121,1103,893,1207,1187,,,,,,,,
72,2942,1101,3063,1449,2432,1051,2545,1376,1627,941,1764,1259,1942,1010,2049,1319,1360,954,1457,1236,36,717,121,987,819,911,925,1176,3422,436,3479,596,2191,1793,2360,1964,463,882,562,1122,1101,892,1206,1187,,,,,,,,
73,2943,1103,3064,1450,2431,1051,2544,1376,1627,941,1764,1259,1941,1009,2049,1319,1361,954,1458,1236,36,716,121,987,817,912,922,1175,3421,436,3479,596,2193,1796,2362,1964,459,881,562,1123,1099,889,1205,1186,,,,,,,,
74,2943,1100,3064,1449,2431,1052,2544,1377,1624,940,1761,1259,1942,1009,2051,1320,1360,952,1458,1238,36,716,121,986,815,914,920,1176,3421,436,3478,596,2197,1799,2364,1964,455,880,561,1123,1099,890,1204,1188,67,1487,212,1936,,,,
75,2944,1099,3064,1446,2431,1053,2544,1376,1623,940,1760,1259,1942,1008,2051,1321,1361,951,1458,1237,36,716,121,986,812,915,917,1176,3421,436,3478,596,2200,1801,2367,1964,453,881,561,1124,1098,889,1203,1188,75,1487,223,1934,,,,
76,2946,1098,3065,1442,2429,1051,2543,1375,1622,940,1760,1260,1943,1009,2052,1321,1362,950,1459,1237,37,716,121,985,809,916,914,1175,3421,436,3477,595,2204,1802,2371,1965,449,881,559,1123,1096,889,1203,1188,79,1490,232,1939,,,,
77,2947,1097,3065,1439,2428,1050,2542,1376,1622,939,1760,1260,1943,1010,2052,1319,1362,949,1459,1237,37,716,121,984,805,914,911,1175,3421,437,3477,595,2206,1803,2374,1965,446,881,558,1123,1094,888,1202,1189,57,1492,220,1943,,,,
78,2947,1096,3066,1438,2427,1050,2541,1378,1622,939,1760,1260,1943,1010,2052,1319,1362,949,1458,1236,37,716,121,985,803,912,909,1175,3420,435,3477,595,2209,1805,2376,1965,445,880,560,1123,1093,887,1200,1189,51,1493,221,1942,,,,
79,2948,1093,3067,1437,2425,1051,2539,1379,1622,940,1759,1260,1944,1009,2053,1319,1362,949,1459,1236,37,716,121,985,800,912,907,1175,3420,435,3476,596,2211,1807,2377,1966,444,880,560,1123,1092,886,1200,1189,78,1491,246,1934,,,,
80,2949,1092,3069,1435,2424,1052,2538,1380,1623,940,1760,1260,1945,1009,2055,1321,1362,948,1460,1237,37,716,121,984,797,912,905,1177,3419,435,3476,596,2213,1807,2380,1966,443,880,561,1123,1091,885,1199,1189,90,1491,257,1930,12,1694,153,1959,9,1491,245,1939
81,2949,1089,3071,1436,2422,1053,2536,1379,1623,940,1760,1260,1946,1010,2055,1319,1362,948,1460,1237,37,716,121,985,797,913,905,1178,3419,435,3476,597,2215,1807,2382,1966,443,879,563,1123,1090,884,1199,1188,95,1490,262,1933,13,1698,155,1958,5,1492,242,1940
82,2950,1087,3073,1435,2423,1053,2536,1376,1622,940,1760,1260,1947,1010,2055,1319,1362,947,1460,1236,37,716,121,985,796,913,904,1177,3419,435,3476,597,2217,1807,2385,1966,442,879,563,1123,1090,883,1198,1185,100,1489,265,1936,17,1725,148,1958,3,1493,240,1942
83,2951,1085,3075,1436,2423,1053,2536,1375,1623,940,1760,1260,1948,1010,2055,1319,1362,947,1459,1235,37,716,121,985,795,913,904,1176,3420,435,3476,597,2218,1808,2386,1966,441,877,565,1124,1090,883,1198,1183,108,1490,270,1935,22,1735,151,1957,,,,
84,2951,1083,3075,1438,2422,1054,2535,1377,1626,941,1762,1260,1947,1009,2055,1319,1362,947,1460,1235,37,716,121,985,795,912,904,1174,3420,435,3475,596,2219,1810,2386,1966,441,877,567,1124,1090,882,1198,1181,113,1491,273,1934,20,1735,153,1959,,,,
85,2951,1081,3076,1438,2422,1055,2536,1376,1627,942,1763,1260,1946,1008,2055,1319,1362,947,1460,1236,37,716,121,985,795,912,904,1174,3420,435,3475,596,2219,1812,2385,1966,442,878,567,1124,1089,882,1197,1177,120,1490,277,1933,,,,,,,,
86,2951,1080,3077,1438,2422,1056,2535,1375,1624,941,1761,1261,1945,1006,2055,1319,1362,947,1460,1236,36,716,120,985,794,912,905,1175,3420,434,3475,596,2219,1813,2385,1965,443,879,567,1124,1087,883,1196,1181,129,1490,284,1934,,,,,,,,
87,2951,1081,3076,1437,2421,1056,2535,1375,1624,941,1761,1261,1945,1006,2055,1320,1362,946,1460,1236,37,716,120,985,793,912,905,1175,3419,435,3474,596,2218,1814,2384,1965,443,879,567,1124,1087,884,1196,1178,131,1491,286,1941,,,,,,,,
88,2951,1079,3075,1435,2420,1056,2535,1375,1623,941,1760,1261,1944,1005,2054,1320,1363,945,1461,1237,36,716,120,985,794,911,907,1175,3419,435,3474,596,2217,1816,2382,1965,444,879,567,1124,1087,884,1197,1181,137,1496,288,1940,,,,,,,,
89,2951,1079,3075,1435,2419,1056,2534,1375,1626,941,1762,1260,1944,1005,2054,1320,1362,944,1461,1237,36,716,120,985,794,912,908,1175,3419,435,3474,596,2218,1817,2381,1963,445,880,568,1124,1086,885,1197,1183,146,1500,297,1949,,,,,,,,
90,2951,1079,3075,1434,2418,1058,2533,1375,1627,942,1764,1259,1944,1004,2054,1319,1363,943,1461,1237,36,716,119,985,795,912,909,1174,3419,435,3474,596,2217,1817,2380,1962,445,879,567,1124,1086,886,1198,1185,150,1500,297,1947,,,,,,,,
91,2953,1080,3075,1433,2418,1060,2533,1375,1628,942,1765,1259,1944,1004,2054,1319,1362,943,1460,1237,36,716,120,985,796,912,910,1174,3419,435,3474,597,2216,1817,2379,1961,445,878,567,1123,1086,886,1198,1183,142,1568,279,1961,,,,,,,,
92,2952,1079,3076,1434,2418,1061,2532,1375,1628,941,1766,1258,1943,1004,2054,1319,1362,942,1460,1237,36,716,120,986,796,911,911,1176,3419,436,3474,596,2215,1818,2379,1961,446,878,567,1123,1085,886,1197,1183,164,1601,294,1962,,,,,,,,
93,2952,1078,3076,1437,2417,1062,2532,1375,1629,941,1766,1258,1943,1004,2054,1319,1363,941,1461,1237,37,716,120,985,797,911,913,1178,3420,436,3474,596,2214,1818,2379,1961,446,878,567,1123,1084,886,1197,1183,139,1555,296,1966,,,,,,,,
94,2951,1081,3074,1437,2416,1063,2532,1375,1625,941,1764,1260,1942,1003,2055,1320,1363,940,1461,1236,36,716,120,985,799,911,914,1179,3420,437,3474,594,2214,1818,2380,1962,447,878,567,1123,1084,886,1197,1183,136,1537,309,1966,,,,,,,,
95,2951,1084,3073,1435,2415,1064,2531,1375,1624,941,1763,1261,1942,1004,2054,1319,1363,939,1461,1235,37,717,120,985,801,911,916,1181,3421,437,3474,594,2213,1818,2380,1962,447,878,567,1124,1083,886,1196,1183,165,1531,337,1960,,,,,,,,,92,1748,351,1968
96,2951,1090,3070,1435,2415,1064,2531,1375,1623,941,1762,1261,1942,1004,2054,1319,1364,939,1461,1233,36,716,120,986,806,910,919,1179,3420,437,3474,594,2213,1819,2381,1963,447,878,566,1124,1083,887,1196,1181,163,1530,337,1959,,,,,,,,,,,,
97,2950,1094,3067,1434,2415,1065,2531,1374,1623,941,1762,1261,1942,1004,2054,1319,1364,939,1461,1231,36,716,120,988,809,910,920,1177,3420,436,3474,594,2213,1820,2382,1963,447,878,566,1123,1083,887,1195,1178,166,1532,342,1960,,,,,,,,,32,1551,508,1963
98,2949,1095,3067,1436,2414,1065,2532,1375,1623,941,1762,1261,1943,1004,2054,1319,1365,940,1461,1227,36,716,120,988,811,909,922,1177,3421,436,3474,594,2214,1820,2383,1964,448,878,565,1122,1083,887,1195,1177,190,1533,362,1958,,,,,,,,,,,,
99,2948,1096,3066,1438,2414,1066,2532,1375,1623,941,1762,1261,1943,1004,2054,1319,1366,941,1461,1224,36,717,119,989,813,909,922,1176,3420,436,3474,594,2215,1818,2388,1964,448,878,565,1121,1083,887,1195,1176,206,1538,375,1960,,,,,,,,,,,,
100,2947,1097,3066,1441,2413,1065,2532,1375,1622,941,1761,1261,1943,1005,2054,1318,1367,941,1461,1224,36,718,119,987,816,910,924,1176,3420,435,3474,593,2218,1818,2391,1965,449,878,566,1121,1083,887,1196,1178,219,1544,384,1961,,,,,,,,,,,,,130,1743,350,1967
101,2946,1098,3066,1445,2413,1066,2532,1375,1622,942,1762,1261,1943,1006,2053,1318,1367,941,1462,1223,37,718,119,987,819,911,926,1174,3420,435,3474,593,2219,1817,2392,1964,449,879,566,1122,1083,887,1196,1179,227,1546,390,1962,,,,,,,,,,,,,135,1746,351,1967
102,2945,1099,3064,1446,2413,1066,2531,1374,1622,942,1762,1261,1943,1006,2053,1318,1369,941,1463,1222,37,718,119,987,821,911,927,1174,3420,435,3474,592,2220,1816,2395,1964,449,879,566,1123,1084,887,1198,1181,229,1546,392,1963,,,,,,,,,,,,,145,1747,358,1965
103,2944,1100,3064,1447,2412,1066,2531,1375,1622,942,1762,1261,1942,1007,2052,1318,1370,941,1464,1221,37,718,119,985,823,911,928,1173,3420,434,3474,592,2221,1816,2396,1964,449,879,566,1123,1083,887,1199,1181,246,1545,394,1925,,,,,,,,,,,,,154,1725,386,1964
104,2944,1099,3064,1448,2412,1066,2531,1375,1622,942,1761,1261,1942,1007,2052,1317,1368,942,1463,1223,38,718,119,985,823,911,927,1172,3420,434,3474,593,2222,1816,2397,1964,448,879,565,1123,1083,886,1199,1182,253,1544,403,1933,,,,,,,,,,,,,170,1730,395,1964
105,2943,1099,3063,1448,2412,1066,2531,1375,1621,942,1761,1261,1941,1007,2052,1317,1368,942,1463,1224,38,718,119,985,823,911,926,1172,3419,434,3473,593,2222,1815,2398,1964,448,879,565,1123,1084,886,1200,1182,259,1544,409,1932,,,,,,,,,,,,,189,1733,405,1961
106,2942,1099,3062,1449,2411,1066,2530,1376,1621,942,1762,1261,1941,1007,2052,1317,1368,942,1463,1222,37,718,119,985,822,911,925,1172,3419,434,3474,593,2224,1815,2399,1964,447,880,564,1122,1084,886,1201,1182,257,1546,416,1949,,,,,,,,,,,,,196,1736,407,1960
107,2942,1100,3062,1449,2411,1065,2530,1376,1621,941,1762,1261,1940,1007,2052,1317,1368,941,1463,1222,37,717,119,985,822,911,925,1172,3420,433,3474,593,2226,1815,2399,1963,447,880,563,1121,1083,885,1200,1181,270,1547,415,1909,,,,,,,,,,,,,219,1733,436,1962
108,2942,1101,3061,1450,2411,1064,2530,1376,1621,940,1762,1261,1940,1007,2052,1317,1368,941,1463,1222,37,718,118,985,821,911,925,1172,3420,434,3475,595,2228,1815,2401,1963,447,880,564,1121,1083,885,1200,1179,273,1549,437,1945,,,,,,,,,,,,,,,,
109,2943,1102,3062,1449,2410,1064,2530,1376,1620,940,1762,1261,1939,1007,2052,1317,1369,941,1464,1222,37,718,118,985,821,912,924,1172,3420,434,3475,595,2229,1814,2402,1963,448,880,565,1121,1084,885,1200,1179,279,1550,455,1958,,,,,,,,,,,,,,,,
110,2944,1102,3062,1449,2410,1064,2529,1376,1621,939,1762,1261,1939,1006,2053,1318,1370,941,1465,1222,37,718,118,985,820,910,924,1172,3420,435,3475,595,2229,1811,2405,1963,447,880,566,1123,1084,884,1200,1179,283,1549,467,1964,,,,,,,,,,,,,,,,
111,2944,1102,3062,1448,2409,1063,2528,1376,1621,940,1762,1261,1940,1006,2054,1318,1371,941,1466,1221,36,719,118,984,818,910,922,1172,3420,435,3475,595,2228,1809,2406,1963,447,880,566,1124,1084,885,1199,1179,287,1550,477,1964,,,,,,,,,,,,,,,,
112,2945,1102,3062,1448,2409,1063,2528,1376,1621,940,1762,1262,1940,1006,2054,1318,1371,941,1466,1220,36,719,118,985,816,910,919,1172,3420,435,3476,596,2227,1805,2408,1963,448,880,567,1124,1084,885,1200,1179,288,1552,468,1944,,,,,,,,,,,,,265,1718,496,1965
113,2946,1102,3063,1448,2409,1063,2528,1376,1621,939,1762,1261,1941,1005,2055,1318,1371,941,1466,1220,36,719,118,985,814,910,917,1174,3420,435,3475,596,2226,1802,2409,1964,448,880,567,1122,1084,884,1199,1178,303,1553,459,1888,,,,,,,,,,,,,276,1722,501,1965
114,2946,1102,3063,1448,2408,1063,2528,1377,1621,939,1762,1260,1942,1005,2057,1319,1371,941,1466,1219,36,719,117,985,811,910,915,1176,3419,435,3474,596,2224,1799,2411,1964,448,879,567,1122,1084,884,1199,1178,309,1554,482,1922,,,,,,,,,,,,,289,1722,513,1962
115,2947,1103,3062,1448,2408,1063,2527,1377,1621,938,1762,1260,1944,1006,2058,1319,1371,940,1467,1218,36,718,118,985,808,910,912,1177,3419,435,3474,596,2224,1798,2413,1964,448,878,569,1124,1083,883,1199,1178,329,1557,457,1810,,,,,,,,,,,,,305,1726,527,1963
116,2947,1103,3062,1447,2408,1062,2528,1376,1621,938,1762,1259,1946,1007,2060,1319,1372,940,1467,1218,36,718,118,985,806,910,911,1178,3419,434,3474,596,2223,1796,2413,1964,447,878,570,1126,1084,883,1199,1179,329,1559,470,1833,,,,,,,,,,,,,317,1725,544,1962
117,2947,1103,3062,1447,2407,1063,2527,1376,1621,938,1762,1260,1949,1008,2061,1320,1372,939,1468,1217,36,718,117,985,803,911,909,1179,3419,434,3475,597,2223,1796,2413,1964,448,877,571,1126,1083,883,1199,1179,335,1560,480,1835,,,,,,,,,,,,,330,1732,556,1962
118,2947,1102,3062,1447,2408,1064,2527,1376,1621,938,1762,1260,1952,1008,2064,1320,1373,939,1469,1217,36,718,117,986,801,911,907,1178,3419,434,3474,597,2223,1796,2415,1964,447,879,570,1125,1083,882,1199,1178,345,1559,495,1837,,,,,,,,,,,,,338,1735,566,1964
119,2947,1102,3062,1448,2407,1064,2527,1376,1621,938,1761,1260,1955,1009,2067,1319,1373,939,1469,1216,36,718,117,986,800,911,906,1179,3419,434,3475,597,2222,1795,2417,1965,446,879,569,1125,1083,882,1200,1180,356,1557,509,1832,,,,,,,,,,,,,351,1743,577,1964
120,2947,1101,3063,1448,2406,1061,2526,1376,1620,938,1760,1261,1957,1006,2069,1319,1373,939,1470,1218,35,719,117,986,800,912,906,1176,3419,434,3474,597,2223,1794,2420,1965,446,879,570,1125,1082,881,1200,1180,358,1556,528,1857,,,,,,,,,,,,,358,1748,583,1963
121,2947,1101,3063,1449,2405,1060,2526,1377,1620,940,1759,1261,1959,1005,2071,1317,1374,938,1471,1218,35,719,117,986,799,912,906,1175,3419,435,3474,596,2226,1793,2422,1965,447,879,571,1125,1082,880,1200,1179,361,1556,541,1867,,,,,,,,,,,,,371,1759,589,1962
122,2947,1100,3062,1449,2404,1058,2526,1377,1622,939,1761,1262,1961,1003,2074,1318,1374,938,1471,1215,35,718,117,986,798,913,906,1174,3419,435,3474,596,2228,1794,2422,1964,446,877,571,1125,1081,880,1200,1180,358,1558,559,1903,,,,,,,,,,,,,379,1759,600,1961
123,2946,1100,3062,1448,2402,1058,2525,1378,1621,939,1759,1264,1963,1003,2074,1316,1375,937,1472,1214,34,718,116,987,797,914,905,1174,3418,435,3473,596,2229,1793,2423,1964,446,877,572,1125,1080,879,1200,1181,362,1562,573,1920,,,,,,,,,,,,,393,1764,611,1959
124,2945,1101,3061,1450,2400,1059,2523,1379,1620,938,1758,1265,1965,1004,2075,1318,1375,936,1472,1214,34,718,116,987,796,914,904,1173,3418,436,3473,596,2227,1792,2423,1964,446,876,573,1125,1078,877,1198,1177,365,1566,582,1932,,,,,,,,,,,,,415,1781,617,1961
125,2945,1101,3061,1451,2399,1058,2522,1379,1619,938,1756,1267,1966,1004,2077,1318,1375,936,1473,1215,34,718,116,987,794,915,902,1173,3418,436,3473,596,2226,1793,2419,1962,446,876,573,1126,1078,878,1197,1176,371,1571,583,1925,,,,,,,,,,,,,431,1794,620,1962
126,2945,1101,3061,1451,2399,1057,2522,1379,1619,937,1756,1271,1968,1003,2078,1317,1375,936,1473,1216,34,719,116,987,791,916,901,1177,3417,436,3473,595,2225,1793,2417,1961,446,876,574,1126,1078,878,1197,1175,360,1576,562,1922,,,,,,,,,,,,,446,1802,626,1962
127,2945,1101,3061,1451,2397,1056,2520,1379,1619,937,1757,1277,1969,1001,2078,1316,1376,936,1475,1216,34,719,116,987,789,916,900,1178,3417,436,3472,595,2220,1792,2415,1962,445,876,574,1126,1078,880,1196,1176,359,1578,554,1919,,,,,,,,,,,,,451,1809,621,1960
128,2945,1101,3061,1451,2396,1055,2520,1380,1623,938,1759,1279,1969,999,2079,1314,1377,936,1476,1216,34,719,116,987,787,916,900,1178,3417,435,3473,595,2217,1790,2413,1962,444,875,573,1126,1078,879,1196,1176,363,1584,553,1923,,,,,,,,,,,,,455,1811,623,1960
129,2945,1101,3061,1449,2396,1054,2521,1380,1626,942,1761,1281,1973,996,2078,1300,1378,936,1477,1215,34,719,116,986,787,916,900,1179,3417,435,3472,595,2213,1787,2413,1961,445,875,573,1124,1078,879,1196,1175,374,1592,567,1938,,,,,,,,,,,,,458,1815,620,1960
130,2944,1101,3060,1449,2396,1053,2522,1380,1630,946,1764,1285,1975,994,2079,1297,1380,935,1478,1214,34,719,115,986,786,916,899,1179,3418,435,3473,595,2212,1784,2414,1961,444,875,572,1122,1079,877,1196,1173,383,1599,580,1946,,,,,,,,,,,,,464,1815,623,1960
131,2944,1100,3058,1447,2396,1052,2522,1379,1634,953,1766,1286,1975,993,2079,1294,1381,934,1479,1214,34,719,115,986,784,916,899,1179,3417,434,3473,596,2211,1783,2416,1962,445,875,572,1121,1080,877,1197,1173,374,1601,571,1956,,,,,,,,,,,,,467,1807,633,1959
132,2943,1100,3058,1447,2397,1052,2523,1379,1634,958,1766,1290,1978,994,2079,1286,1382,933,1480,1213,33,719,115,986,786,916,901,1178,3418,434,3473,596,2211,1782,2417,1962,444,876,571,1122,1082,877,1198,1171,385,1606,583,1961,,,,,,,,,,,,,474,1805,639,1959
133,2943,1101,3057,1446,2398,1052,2524,1379,1635,959,1767,1294,1980,993,2079,1282,1384,932,1482,1212,33,719,115,986,788,916,903,1177,3418,434,3473,596,2205,1782,2413,1962,444,876,571,1122,1083,877,1199,1170,399,1612,597,1961,,,,,,,,,,,,,489,1820,639,1960
134,2943,1101,3057,1448,2399,1052,2525,1378,1637,961,1767,1295,1980,992,2081,1285,1385,931,1483,1212,34,719,115,986,790,916,905,1176,3417,434,3473,596,2195,1783,2406,1961,443,877,571,1123,1084,877,1200,1171,387,1615,582,1963,,,,,,,,,,,,,503,1831,644,1963
135,2944,1101,3058,1449,2400,1053,2526,1378,1640,958,1768,1289,1980,988,2082,1289,1388,933,1485,1212,34,720,115,986,789,917,904,1177,3418,434,3473,596,2191,1783,2407,1961,444,877,571,1123,1085,876,1201,1171,386,1618,580,1966,,,,,,,,,,,,,524,1837,656,1960
136,2944,1102,3058,1449,2400,1052,2526,1378,1643,956,1771,1287,1980,986,2083,1288,1392,932,1489,1210,34,719,115,986,790,915,905,1175,3418,434,3473,595,2189,1782,2411,1961,445,877,572,1123,1088,876,1203,1169,387,1620,579,1968,,,,,,,,,,,,,546,1847,666,1960
137,2944,1103,3057,1447,2401,1052,2527,1378,1645,953,1772,1285,1981,985,2083,1287,1395,934,1491,1207,34,719,116,986,793,913,908,1173,3417,434,3473,594,2189,1781,2414,1961,444,877,572,1122,1090,877,1204,1167,389,1623,578,1966,,,,,,,,,,,,,564,1855,678,1963
138,2944,1107,3056,1447,2403,1051,2528,1374,1647,948,1773,1283,1981,985,2083,1287,1396,934,1493,1207,34,719,116,986,795,912,910,1172,3417,434,3473,594,2188,1782,2415,1961,444,877,571,1120,1091,878,1206,1168,388,1627,573,1966,,,,,,,,,,,,,583,1861,691,1964
139,2943,1113,3054,1447,2405,1051,2528,1368,1647,946,1773,1284,1983,986,2083,1286,1401,936,1497,1205,34,719,115,985,798,912,913,1174,3417,433,3473,594,2188,1783,2416,1961,444,876,571,1121,1093,880,1207,1167,387,1629,570,1966,,,,,,,,,,,,,598,1863,704,1964
140,2944,1119,3053,1448,2408,1052,2527,1361,1651,942,1774,1274,1984,986,2084,1284,1408,941,1502,1206,33,719,115,985,802,912,915,1172,3417,434,3473,595,2188,1784,2415,1960,443,876,572,1121,1097,883,1209,1165,387,1633,567,1967,,,,,,,,,,,,,610,1866,714,1965
141,2943,1125,3050,1448,2411,1051,2528,1353,1657,941,1775,1267,1982,987,2083,1285,1408,942,1503,1212,34,719,115,984,805,911,917,1172,3417,434,3473,596,2188,1787,2414,1960,443,876,571,1121,1099,882,1211,1165,390,1640,565,1966,,,,,,,,,,,,,631,1871,728,1964
142,2943,1138,3047,1447,2413,1051,2529,1352,1661,937,1777,1259,1983,993,2084,1286,1406,946,1504,1218,34,719,115,984,812,912,922,1173,3417,434,3473,596,2187,1788,2414,1961,442,876,571,1123,1102,880,1216,1168,395,1645,566,1967,,,,,,,,,,,,,650,1875,743,1964
143,2941,1143,3045,1447,2417,1051,2528,1340,1664,934,1779,1258,1984,996,2086,1288,1406,943,1506,1215,34,718,116,984,816,913,924,1172,3417,434,3473,595,2185,1789,2413,1961,442,876,572,1123,1107,878,1220,1166,398,1651,565,1967,,,,,,,,,,,,,669,1879,757,1962
144,2940,1148,3043,1444,2419,1047,2529,1334,1669,931,1783,1253,1986,999,2087,1284,1411,940,1512,1213,35,718,117,985,821,912,926,1170,3417,434,3473,595,2182,1791,2410,1962,443,876,572,1122,1113,879,1224,1162,402,1655,566,1966,,,,,,,,,,,,,682,1879,770,1962
145,2938,1150,3043,1444,2419,1043,2529,1331,1675,925,1785,1241,1987,1001,2088,1282,1417,939,1518,1210,35,717,117,985,826,912,929,1169,3417,434,3473,595,2180,1795,2404,1962,443,875,572,1121,1119,881,1230,1166,404,1661,566,1966,,,,,,,,,,,,,691,1881,778,1962
146,2943,1151,3048,1437,2417,1039,2528,1331,1674,915,1788,1242,1988,1000,2091,1282,1405,937,1514,1216,35,717,117,986,831,914,931,1166,3417,434,3474,594,2178,1798,2399,1962,443,875,571,1120,1122,882,1235,1170,408,1666,567,1964,,,,,,,,,,,,,698,1885,782,1963
147,2948,1151,3056,1433,2416,1034,2528,1331,1678,911,1791,1239,1990,995,2095,1282,1406,937,1517,1208,35,717,117,985,837,914,936,1162,3417,433,3474,595,2175,1800,2395,1962,443,877,569,1120,1128,884,1241,1170,411,1669,569,1961,,,,,,,,,,,,,707,1892,788,1965
148,2952,1143,3065,1428,2414,1028,2528,1330,1688,904,1798,1221,1992,988,2099,1278,1427,936,1533,1189,34,718,117,985,840,913,941,1164,3417,434,3474,595,2173,1802,2390,1960,444,878,570,1121,1136,892,1244,1165,416,1671,575,1962,,,,,,,,,,,,,718,1899,797,1968
149,2956,1134,3073,1416,2414,1022,2527,1323,1697,897,1805,1210,1993,983,2101,1279,1445,934,1548,1177,34,718,116,984,839,911,943,1169,3417,435,3474,596,2169,1805,2387,1961,445,878,570,1122,1141,897,1248,1163,421,1675,582,1962,,,,,,,,,,,,,729,1905,800,1966
150,2952,1124,3074,1409,2414,1017,2528,1319,1703,895,1809,1201,1998,980,2107,1278,1459,933,1559,1168,34,719,116,985,843,910,948,1165,3418,435,3474,597,2188,1810,2396,1961,449,880,571,1121,1141,901,1252,1171,427,1681,589,1961,,,,,,,,,,,,,,,,
151,2945,1112,3074,1407,2420,1007,2529,1293,1709,896,1812,1191,2004,978,2109,1266,1462,933,1564,1166,33,719,116,985,853,910,957,1157,3418,436,3474,595,2180,1811,2389,1962,453,882,573,1121,1149,900,1256,1156,431,1686,596,1962,,,,,,,,,,,,,,,,
152,2940,1098,3075,1404,2422,1001,2531,1281,1711,898,1813,1184,2007,975,2107,1247,1460,929,1568,1166,34,718,116,985,859,910,963,1150,3418,435,3474,594,2191,1815,2393,1961,458,882,577,1121,1148,897,1257,1156,434,1691,601,1963,,,,,,,,,,,,,,,,
153,2933,1083,3073,1400,2424,999,2531,1269,1710,896,1815,1186,2010,971,2108,1236,1467,923,1581,1169,33,718,116,986,861,907,968,1144,3418,434,3474,594,2198,1819,2392,1961,465,882,582,1120,1152,893,1263,1150,435,1696,606,1964,,,,,,,,,,,,,,,,
154,2928,1070,3069,1390,2425,995,2534,1266,1718,892,1825,1188,2017,967,2114,1227,1471,913,1592,1169,34,718,117,986,860,901,974,1144,3419,435,3474,594,2205,1824,2391,1961,469,880,585,1120,1155,894,1267,1146,434,1700,607,1966,,,,,,,,,,,,,,,,
155,2927,1059,3062,1366,2429,992,2538,1264,1725,883,1834,1190,2019,960,2117,1222,1480,903,1598,1153,33,717,116,987,867,888,990,1144,3419,436,3474,594,2209,1829,2387,1962,474,880,587,1120,1168,893,1275,1133,433,1704,607,1966,,,,,,,,,,,,,,,,
156,2926,1053,3058,1349,2431,988,2540,1264,1730,878,1840,1188,2024,953,2122,1213,1493,897,1608,1141,32,718,116,987,876,885,1002,1142,3419,436,3474,595,2215,1838,2379,1960,479,882,589,1120,1178,893,1285,1130,432,1709,605,1966,,,,,,,,,,,,,,,,
157,2924,1045,3052,1332,2431,985,2541,1265,1739,868,1850,1180,2029,945,2125,1201,1505,889,1615,1124,32,718,116,987,887,878,1015,1137,3419,437,3474,594,2218,1847,2370,1959,483,883,590,1116,1183,890,1292,1126,430,1717,600,1965,,,,,,,,,,,,,,,,
158,2923,1039,3050,1323,2433,979,2542,1262,1748,864,1859,1177,2034,937,2129,1191,1510,886,1619,1118,32,718,116,987,903,873,1027,1122,3418,437,3473,593,2219,1852,2366,1959,491,883,592,1105,1189,883,1299,1119,427,1724,596,1966,,,,,,,,,,,,,,,,
159,2925,1037,3051,1320,2438,974,2543,1250,1757,858,1861,1149,2037,927,2136,1188,1518,886,1624,1116,32,719,116,987,915,870,1035,1112,3419,436,3473,593,2220,1857,2362,1959,495,885,595,1103,1198,875,1310,1116,428,1733,592,1964,,,,,,,,,,,,,,,,
160,2932,1029,3058,1316,2436,965,2544,1251,1763,853,1862,1124,2044,922,2141,1178,1524,886,1629,1119,32,719,116,985,926,866,1044,1106,3419,436,3473,592,2219,1860,2360,1960,498,889,599,1106,1200,866,1314,1110,429,1745,588,1965,,,,,,,,,,,,,,,,
161,2933,1016,3064,1313,2438,957,2543,1240,1775,851,1871,1118,2049,917,2144,1164,1536,879,1636,1107,32,719,116,985,936,867,1049,1099,3419,437,3473,592,2218,1864,2355,1960,503,888,604,1104,1202,861,1317,1107,429,1754,584,1965,,,,,,,,,,,,,,,,
162,2934,1008,3066,1307,2442,953,2541,1219,1786,848,1881,1116,2049,912,2145,1158,1543,868,1642,1098,33,719,116,986,947,865,1056,1095,3419,437,3473,592,2217,1866,2353,1960,507,887,610,1104,1208,852,1326,1103,429,1765,581,1965,,,,,,,,,,,,,,,,
163,2937,996,3069,1292,2444,947,2541,1210,1792,844,1889,1119,2050,907,2149,1159,1548,858,1648,1094,32,719,116,986,961,863,1064,1088,3419,437,3473,593,2214,1866,2351,1959,503,882,618,1121,1216,846,1332,1096,429,1772,579,1965,,,,,,,,,,,,,,,,
164,2938,985,3067,1270,2443,943,2540,1206,1799,840,1898,1121,2051,902,2151,1155,1552,849,1652,1088,32,719,116,986,969,861,1070,1086,3419,437,3473,594,2212,1868,2349,1959,500,875,622,1124,1225,842,1339,1088,428,1779,576,1964,,,,,,,,,,,,,,,,
165,2937,980,3062,1252,2443,940,2541,1201,1801,835,1903,1124,2051,894,2155,1153,1560,841,1658,1075,33,719,116,986,973,851,1078,1086,3419,436,3473,595,2211,1872,2345,1960,500,870,625,1120,1233,836,1346,1082,427,1789,572,1963,,,,,,,,,,,,,,,,
166,2932,975,3053,1238,2442,935,2543,1197,1801,818,1909,1124,2054,884,2163,1153,1574,839,1666,1056,33,720,116,986,979,841,1087,1083,3419,436,3473,595,2210,1875,2344,1961,510,866,637,1119,1242,824,1352,1068,426,1796,572,1964,,,,,,,,,,,,,,,,
167,2929,963,3051,1232,2439,927,2543,1190,1807,810,1914,1114,2062,876,2169,1139,1585,838,1674,1046,32,719,116,986,986,837,1094,1077,3419,436,3473,595,2208,1876,2344,1962,524,863,649,1107,1249,813,1360,1066,424,1799,571,1964,,,,,,,,,,,,,,,,
168,2925,953,3051,1233,2441,919,2547,1186,1814,802,1917,1094,2070,871,2176,1131,1596,833,1686,1045,32,719,116,987,995,834,1099,1066,3419,435,3473,595,2207,1876,2345,1962,543,864,667,1102,1258,812,1366,1062,424,1807,569,1964,,,,,,,,,,,,,,,,
169,2921,942,3049,1232,2440,908,2549,1179,1825,797,1923,1073,2082,867,2181,1109,1605,828,1698,1045,32,719,116,987,1007,832,1106,1052,3420,435,3473,596,2207,1876,2346,1963,555,862,675,1095,1270,813,1373,1056,424,1812,569,1963,,,,,,,,,,,,,,,,
170,2919,932,3048,1228,2445,898,2555,1171,1834,795,1927,1055,2092,863,2184,1087,1608,825,1704,1048,31,720,115,987,1019,826,1119,1050,3420,434,3473,596,2203,1874,2349,1964,566,861,689,1096,1277,811,1377,1051,424,1818,567,1963,,,,,,,,,,,,,,,,
171,2919,925,3045,1217,2455,890,2559,1150,1842,794,1933,1044,2102,861,2192,1077,1614,812,1715,1050,31,721,114,987,1034,823,1134,1048,3420,434,3474,596,2203,1874,2349,1964,566,858,692,1093,1281,800,1384,1048,425,1825,563,1961,,,,,,,,,,,,,,,,
172,2921,913,3043,1192,2464,885,2562,1132,1853,793,1943,1043,2110,857,2200,1076,1624,803,1726,1043,31,721,114,987,1049,816,1149,1046,3420,435,3473,596,2201,1872,2349,1964,574,849,704,1087,1285,791,1390,1046,428,1839,558,1960,,,,,,,,,,,,,,,,
173,2923,906,3038,1170,2468,881,2564,1125,1862,792,1954,1046,2118,850,2209,1071,1634,794,1735,1034,31,721,115,987,1061,811,1162,1044,3420,435,3474,596,2199,1871,2349,1964,583,843,716,1080,1288,783,1394,1036,429,1847,555,1960,,,,,,,,,,,,,,,,
174,2922,904,3036,1163,2471,877,2568,1122,1868,790,1962,1051,2124,844,2214,1068,1647,789,1744,1021,30,721,114,987,1069,803,1171,1041,3420,434,3473,595,2199,1870,2350,1963,594,839,726,1070,1294,776,1399,1024,431,1855,552,1960,,,,,,,,,,,,,,,,
175,2922,899,3035,1160,2476,876,2572,1120,1874,787,1966,1050,2127,838,2218,1069,1656,786,1748,1007,31,721,114,987,1079,796,1182,1036,3420,434,3473,595,2199,1870,2351,1963,607,834,739,1061,1305,769,1409,1010,433,1862,549,1960,,,,,,,,,,,,,,,,
176,2922,890,3035,1156,2478,870,2574,1117,1878,780,1972,1047,2128,822,2224,1068,1667,780,1756,994,31,721,114,985,1089,788,1188,1020,3420,434,3473,595,2198,1871,2351,1964,627,832,754,1052,1321,767,1421,997,435,1869,547,1959,,,,,,,,,,,,,,,,
177,2923,882,3034,1151,2480,860,2578,1116,1884,769,1982,1045,2132,813,2226,1059,1680,780,1765,991,31,722,113,985,1104,786,1199,1005,3420,435,3473,595,2193,1867,2352,1964,642,827,767,1047,1330,762,1430,991,438,1883,540,1962,,,,,,,,,,,,,,,,
178,2924,870,3035,1144,2482,852,2580,1114,1894,763,1992,1038,2136,807,2226,1043,1691,780,1773,985,30,722,112,985,1117,784,1207,992,3420,435,3473,595,2191,1867,2351,1964,661,821,786,1043,1347,760,1447,992,442,1895,536,1964,,,,,,,,,,,,,,,,
179,2923,862,3034,1140,2485,844,2581,1103,1902,750,1999,1024,2142,802,2228,1024,1700,773,1780,979,29,723,111,984,1127,782,1216,988,3420,435,3473,595,2190,1867,2351,1964,675,815,801,1042,1363,761,1460,987,445,1901,540,1966,,,,,,,,,,,,,,,,
180,2926,852,3031,1117,2489,838,2582,1091,1911,743,2004,1003,2152,798,2235,1013,1704,766,1785,976,28,724,111,985,1142,781,1227,983,3420,435,3473,596,2190,1866,2352,1964,686,811,812,1037,1372,756,1472,987,,,,,,,,,,,,,,,,,,,,
181,2928,844,3026,1094,2494,834,2579,1062,1923,741,2010,982,2159,794,2242,1010,1710,763,1792,977,27,724,111,987,1157,776,1241,978,3420,435,3473,596,2188,1864,2353,1964,695,805,822,1035,1376,747,1480,986,,,,,,,,,,,,,,,,,,,,
182,2926,837,3020,1077,2499,832,2580,1051,1934,739,2019,974,2162,792,2246,1011,1718,755,1802,972,26,723,110,987,1168,769,1250,968,3420,435,3472,595,2188,1864,2353,1963,708,797,833,1023,1382,743,1488,987,,,,,,,,,,,,,,,,,,,,
183,2925,836,3019,1070,2499,825,2581,1046,1942,738,2027,972,2165,788,2250,1008,1726,748,1808,959,25,723,109,989,1170,762,1258,974,3420,435,3472,594,2188,1864,2352,1962,722,792,843,1012,1389,734,1496,982,,,,,,,,,,,,,,,,,,,,
184,2925,835,3019,1072,2495,817,2580,1045,1950,737,2035,976,2168,784,2253,1005,1736,743,1815,946,25,724,109,989,1173,753,1265,973,3419,434,3472,593,2188,1863,2352,1962,750,791,862,999,1397,726,1503,971,,,,,,,,,,,,,,,,,,,,
185,2922,832,3018,1070,2492,810,2580,1044,1958,735,2043,977,2172,777,2259,1001,1747,742,1823,935,25,724,109,989,1181,746,1274,964,3419,434,3472,594,2188,1863,2351,1962,769,791,875,995,1409,719,1512,956,,,,,,,,,,,,,,,,,,,,
186,2922,826,3020,1069,2494,804,2582,1039,1961,728,2050,978,2176,766,2265,997,1756,741,1832,936,24,724,108,989,1191,744,1281,953,3419,434,3471,594,2186,1863,2350,1961,781,787,886,994,1419,716,1518,948,,,,,,,,,,,,,,,,,,,,
187,2920,816,3021,1069,2495,796,2585,1038,1970,724,2057,975,2181,760,2267,983,1765,740,1842,939,22,726,105,990,1204,741,1292,944,3419,434,3471,594,2185,1863,2350,1961,797,783,900,991,1432,715,1529,943,,,,,,,,,,,,,,,,,,,,
188,2920,810,3021,1066,2496,790,2588,1037,1974,714,2062,968,2187,754,2269,964,1775,734,1853,939,21,726,104,991,1218,740,1305,940,3419,434,3471,594,2185,1863,2349,1961,809,778,913,992,1442,714,1537,947,,,,,,,,,,,,,,,,,,,,
189,2922,802,3021,1054,2499,786,2587,1024,1979,706,2064,956,2193,750,2273,950,1779,726,1859,936,20,727,103,991,1236,738,1323,938,3419,433,3471,594,2184,1863,2348,1961,816,768,921,989,1454,712,1544,941,,,,,,,,,,,,,,,,,,,,
190,2928,798,3018,1030,2505,779,2587,999,1984,699,2066,937,2201,748,2278,942,1784,715,1865,930,19,727,102,992,1250,735,1335,936,3419,433,3470,593,2185,1864,2348,1960,826,762,930,982,1465,713,1548,926,,,,,,,,,,,,,,,,,,,,
191,2929,794,3016,1018,2511,775,2589,985,1992,696,2069,917,2207,745,2285,939,1791,707,1873,927,18,729,101,992,1258,723,1346,934,3419,433,3470,593,2186,1865,2347,1960,835,756,941,976,1470,707,1556,930,,,,,,,,,,,,,,,,,,,,
192,2928,792,3017,1019,2515,771,2594,981,2001,692,2076,909,2213,740,2292,939,1804,701,1880,903,17,731,100,993,1266,714,1357,933,3419,432,3470,593,2185,1865,2347,1960,845,749,952,965,1476,698,1565,931,,,,,,,,,,,,,,,,,,,,
193,2928,791,3016,1018,2520,768,2600,980,2011,690,2087,909,2220,735,2298,934,1811,697,1883,890,15,732,98,992,1275,711,1364,923,3419,433,3470,593,2184,1865,2347,1960,867,745,970,952,1482,694,1571,925,,,,,,,,,,,,,,,,,,,,
194,2928,786,3016,1013,2522,766,2603,978,2019,692,2095,911,2221,727,2301,937,1821,694,1891,879,13,732,97,992,1289,702,1375,909,3419,433,3470,594,2184,1865,2348,1960,879,744,980,944,1492,690,1579,913,,,,,,,,,,,,,,,,,,,,
195,2929,777,3019,1008,2523,760,2605,978,2026,692,2102,912,2223,717,2307,939,1832,692,1899,872,11,733,96,992,1302,700,1381,892,3418,433,3470,595,2185,1866,2348,1960,896,744,994,939,1500,689,1583,901,,,,,,,,,,,,,,,,,,,,
196,2928,767,3019,1002,2522,753,2608,977,2028,693,2105,917,2228,709,2310,929,1839,691,1906,872,10,734,96,991,1316,697,1393,884,3419,433,3470,595,2184,1866,2348,1960,910,740,1010,941,1512,687,1594,889,,,,,,,,,,,,,,,,,,,,
197,2929,762,3018,994,2521,741,2608,971,2031,680,2111,911,2236,704,2312,909,1847,691,1915,874,8,733,95,991,1330,697,1407,887,3419,433,3470,594,2184,1865,2349,1960,923,730,1025,940,1527,683,1608,883,,,,,,,,,,,,,,,,,,,,
198,2931,756,3015,973,2524,735,2608,958,2037,669,2118,905,2243,699,2315,893,1851,686,1919,874,7,733,96,991,1343,696,1418,885,3418,433,3470,594,2183,1865,2350,1960,936,720,1039,931,1538,681,1621,883,,,,,,,,,,,,,,,,,,,,
199,2933,752,3012,955,2526,729,2607,947,2044,663,2124,897,2248,698,2318,886,1856,679,1925,870,7,735,96,991,1355,694,1429,880,3419,433,3469,594,2183,1865,2350,1960,947,712,1049,922,1546,674,1632,884,,,,,,,,,,,,,,,,,,,,
200,2933,748,3012,947,2527,725,2604,929,2050,657,2130,891,2252,696,2323,883,1861,673,1933,870,7,738,96,991,1364,688,1437,872,3418,433,3469,595,2183,1865,2349,1960,959,706,1060,916,1556,671,1642,883,,,,,,,,,,,,,,,,,,,,
201,2933,745,3013,947,2528,721,2604,921,2060,652,2139,883,2256,695,2329,886,1868,667,1939,859,8,741,97,990,1365,682,1444,874,3419,433,3470,595,2183,1865,2350,1960,973,702,1069,903,1566,664,1654,882,,,,,,,,,,,,,,,,,,,,
202,2933,741,3015,947,2528,719,2604,920,2068,646,2143,863,2259,689,2336,888,1879,666,1946,840,7,741,97,990,1374,676,1455,868,3419,433,3470,595,2183,1865,2351,1960,983,700,1077,897,1572,655,1664,881,,,,,,,,,,,,,,,,,,,,
203,2935,733,3020,948,2526,716,2603,920,2074,645,2147,856,2262,682,2340,884,1889,662,1953,828,6,741,97,990,1383,671,1464,856,3419,433,3470,596,2183,1866,2351,1960,1000,696,1091,890,1584,650,1671,865,,,,,,,,,,,,,,,,,,,,
204,2933,721,3022,949,2526,713,2605,920,2082,649,2154,855,2262,673,2342,881,1897,660,1962,828,6,742,98,989,1397,669,1473,839,3419,433,3470,595,2182,1865,2350,1960,1016,697,1104,887,1593,648,1676,852,,,,,,,,,,,,,,,,,,,,
205,2934,713,3020,936,2528,709,2609,920,2088,649,2161,858,2264,664,2347,878,1904,659,1972,836,6,742,98,988,1412,667,1489,841,3419,433,3470,595,2181,1865,2350,1960,1029,695,1115,885,1605,646,1685,842,,,,,,,,,,,,,,,,,,,,
206,2936,705,3019,919,2528,701,2610,919,2094,647,2165,853,2272,660,2350,862,1910,656,1981,842,4,743,97,991,1424,666,1501,842,3419,433,3470,595,2181,1865,2350,1960,1042,691,1126,883,1614,646,1694,843,,,,,,,,,,,,,,,,,,,,
207,2939,697,3017,902,2531,696,2615,918,2100,640,2172,850,2280,658,2353,844,1916,648,1990,842,3,744,97,993,1437,663,1517,847,3419,433,3470,595,2181,1864,2350,1961,1054,688,1138,880,1626,646,1705,846,,,,,,,,,,,,,,,,,,,,
208,2940,693,3017,893,2539,693,2615,897,2103,628,2178,847,2284,654,2354,833,1923,642,1997,840,2,743,98,993,1446,653,1528,840,3419,433,3470,595,2182,1866,2349,1961,1062,682,1146,874,1636,642,1715,848,,,,,,,,,,,,,,,,,,,,
209,2938,692,3015,892,2542,689,2614,881,2109,621,2183,841,2290,651,2359,830,1931,639,2001,827,1,742,97,993,1455,647,1538,838,3420,434,3470,595,2183,1866,2349,1961,1068,673,1154,869,1645,645,1719,839,,,,,,,,,,,,,,,,,,,,
210,2934,688,3011,890,2544,686,2615,874,2114,618,2187,837,2295,651,2364,832,1940,633,2008,815,0,743,97,996,1462,640,1546,830,3420,434,3470,595,2183,1867,2348,1960,1078,668,1165,861,1649,638,1725,839,,,,,,,,,,,,,,,,,,,,
211,2933,685,3012,888,2547,683,2619,874,2119,616,2190,829,2302,650,2371,832,1950,626,2015,800,0,742,94,995,1470,632,1553,821,3421,435,3471,595,2183,1867,2348,1960,1089,668,1175,854,1655,627,1733,835,,,,,,,,,,,,,,,,,,,,
212,2934,680,3014,888,2547,678,2622,874,2123,608,2194,820,2306,646,2373,825,1959,622,2021,787,0,742,93,996,1483,626,1565,814,3422,435,3471,595,2182,1866,2348,1959,1105,666,1190,847,1662,623,1739,825,,,,,,,,,,,,,,,,,,,,
213,2934,673,3013,883,2548,671,2627,875,2128,604,2198,813,2308,640,2376,823,1965,621,2026,782,0,742,90,995,1494,623,1572,805,3421,435,3471,595,2181,1865,2349,1959,1118,667,1203,847,1671,620,1747,812,,,,,,,,,,,,,,,,,,,,
214,2937,669,3014,874,2551,664,2630,871,2136,605,2203,807,2312,629,2383,821,1972,621,2033,785,0,743,88,996,1505,625,1581,803,3422,435,3471,597,2183,1866,2350,1959,1135,665,1218,844,1683,615,1756,797,,,,,,,,,,,,,,,,,,,,
215,2939,664,3012,858,2553,660,2631,867,2140,605,2208,806,2316,622,2386,813,1978,620,2041,790,0,744,87,1000,1519,625,1590,796,3422,435,3472,597,2183,1866,2351,1959,1148,657,1233,842,1692,610,1764,787,,,,,,,,,,,,,,,,,,,,
216,2938,658,3010,849,2553,653,2633,864,2144,604,2211,805,2320,617,2386,797,1986,619,2048,783,0,746,87,1002,1529,621,1599,790,3423,435,3472,598,2183,1866,2351,1959,1159,653,1243,839,1705,605,1776,784,,,,,,,,,,,,,,,,,,,,
217,2939,655,3009,841,2556,649,2632,854,2150,601,2217,803,2325,617,2388,788,1990,611,2054,781,0,745,86,1003,1539,620,1606,782,3423,435,3472,598,2184,1867,2351,1959,1169,646,1254,833,1713,603,1786,785,,,,,,,,,,,,,,,,,,,,
218,2940,653,3009,836,2561,645,2632,837,2156,596,2224,801,2330,615,2390,779,1995,604,2059,777,0,744,86,1004,1542,614,1612,785,3423,435,3472,598,2184,1867,2352,1960,1180,642,1262,823,1722,601,1795,788,,,,,,,,,,,,,,,,,,,,
219,2940,653,3009,835,2562,644,2630,828,2162,593,2230,794,2335,615,2395,778,1998,598,2063,773,0,743,86,1006,1549,611,1619,777,3423,436,3472,598,2183,1868,2353,1961,1189,642,1268,815,1730,596,1806,790,,,,,,,,,,,,,,,,,,,,
220,2940,650,3010,835,2563,644,2631,826,2168,587,2235,785,2338,612,2399,779,2004,596,2067,765,0,742,87,1007,1557,605,1628,771,3423,436,3472,597,2183,1868,2353,1961,1204,638,1282,807,1738,593,1814,788,,,,,,,,,,,,,,,,,,,,
221,2940,648,3011,835,2564,646,2632,828,2171,579,2240,782,2342,608,2405,781,2013,596,2074,756,0,742,86,1008,1564,603,1634,763,3423,435,3472,597,2184,1868,2353,1961,1215,636,1290,799,1746,587,1821,780,,,,,,,,,,,,,,,,,,,,
222,2939,643,3011,833,2565,645,2632,827,2177,574,2245,774,2344,603,2409,781,2020,595,2079,749,0,743,86,1008,1577,599,1646,757,3423,435,3472,597,2183,1867,2353,1961,1227,631,1302,796,1754,577,1828,766,,,,,,,,,,,,,,,,,,,,
223,2938,634,3012,829,2568,640,2635,819,2183,573,2249,763,2347,597,2413,779,2026,595,2086,755,0,744,85,1007,1589,596,1657,753,3423,435,3472,597,2184,1867,2353,1961,1240,629,1314,795,1762,572,1833,757,,,,,,,,,,,,,,,,,,,,
224,2939,622,3012,818,2569,631,2638,815,2191,572,2254,754,2350,593,2417,778,2032,594,2092,753,0,744,85,1007,1601,598,1667,752,3423,435,3472,598,2184,1867,2354,1961,1255,625,1323,781,1773,570,1843,749,,,,,,,,,,,,,,,,,,,,
225,2943,615,3012,799,2568,621,2639,813,2197,573,2258,748,2354,587,2418,764,2037,592,2098,755,0,745,85,1006,1609,595,1678,755,3424,435,3472,598,2184,1868,2354,1961,1260,621,1333,793,1783,571,1850,741,,,,,,,,,,,,,,,,,,,,
226,2944,611,3013,794,2570,617,2641,809,2202,572,2261,743,2360,583,2420,748,2041,588,2103,752,0,746,84,1005,1616,589,1687,755,3424,435,3473,598,2185,1868,2354,1961,1267,616,1340,789,1788,569,1856,742,,,,,,,,,,,,,,,,,,,,
227,2945,609,3012,789,2573,611,2639,791,2206,571,2264,741,2362,575,2422,740,2048,578,2111,746,0,746,84,1004,1624,580,1696,754,3424,435,3473,598,2186,1869,2355,1962,1273,611,1346,779,1794,570,1863,748,,,,,,,,,,,,,,,,,,,,
228,2943,609,3011,789,2576,608,2640,782,2210,566,2270,741,2365,574,2424,736,2054,572,2115,737,0,745,84,1004,1633,575,1703,743,3424,434,3473,598,2186,1869,2354,1962,1279,606,1354,773,1801,569,1871,750,,,,,,,,,,,,,,,,,,,,
229,2942,608,3011,789,2580,606,2644,779,2213,562,2273,740,2369,573,2428,732,2061,566,2119,724,0,745,84,1004,1643,567,1709,724,3423,434,3473,599,2185,1869,2354,1962,1292,603,1366,765,1811,564,1876,737,,,,,,,,,,,,,,,,,,,,
230,2941,602,3012,787,2581,605,2646,780,2216,554,2279,740,2373,571,2431,727,2066,566,2122,719,0,746,83,1004,1651,560,1717,721,3423,435,3473,599,2185,1868,2355,1962,1305,601,1376,758,1815,555,1884,741,,,,,,,,,,,,,,,,,,,,
231,2941,593,3013,784,2583,602,2649,778,2219,546,2283,738,2376,569,2435,728,2073,561,2128,710,0,745,83,1004,1660,555,1727,720,3423,435,3473,600,2184,1868,2356,1962,1318,599,1388,754,1822,547,1892,737,,,,,,,,,,,,,,,,,,,,
232,2941,586,3014,783,2586,599,2652,777,2221,546,2282,733,2376,566,2435,726,2078,555,2135,711,0,745,84,1004,1668,554,1737,726,3423,436,3473,600,2184,1868,2355,1962,1330,597,1400,753,1830,544,1897,728,,,,,,,,,,,,,,,,,,,,
233,2943,585,3012,771,2587,594,2655,776,2226,545,2284,723,2378,559,2440,726,2081,552,2140,713,0,745,83,1004,1678,553,1748,730,3423,437,3474,600,2185,1869,2355,1963,1344,596,1413,751,1838,543,1902,717,,,,,,,,,,,,,,,,,,,,
234,2945,584,3009,757,2588,589,2656,773,2231,535,2288,713,2380,552,2442,720,2084,551,2143,714,0,745,84,1004,1687,553,1756,729,3423,437,3474,600,2186,1870,2354,1963,1353,589,1424,749,1844,541,1907,708,,,,,,,,,,,,,,,,,,,,
235,2948,584,3008,748,2587,584,2656,769,2234,529,2292,707,2384,548,2444,713,2083,551,2144,718,0,745,85,1004,1695,552,1758,713,3424,438,3475,600,2187,1870,2354,1963,1359,577,1434,749,1853,540,1913,699,,,,,,,,,,,,,,,,,,,,
236,2949,580,3010,744,2589,579,2656,761,2240,525,2298,705,2390,547,2446,699,2088,549,2147,710,0,746,84,1004,1701,551,1763,709,3424,438,3475,601,2188,1871,2354,1963,1369,574,1442,742,1863,534,1921,691,,,,,,,,,,,,,,,,,,,,
237,2949,578,3010,742,2591,574,2655,748,2245,525,2303,704,2395,546,2449,692,2095,547,2152,703,0,746,83,1003,1707,548,1770,707,3423,438,3475,601,2187,1870,2355,1963,1376,572,1448,736,1869,531,1929,692,,,,,,,,,,,,,,,,,,,,
238,2949,576,3012,741,2592,572,2657,748,2249,526,2305,699,2399,544,2453,686,2101,541,2157,695,0,746,83,1003,1711,547,1774,700,3423,438,3474,600,2187,1870,2355,1963,1392,570,1460,724,1874,530,1936,695,,,,,,,,,,,,,,,,,,,,
239,2952,573,3014,736,2596,572,2660,749,2252,525,2309,701,2403,541,2458,682,2106,537,2162,689,0,746,84,1005,1723,548,1782,691,3423,438,3475,600,2187,1871,2354,1963,1404,570,1471,721,1879,527,1944,698,,,,,,,,,,,,,,,,,,,,
240,2952,568,3016,734,2598,572,2662,747,2255,522,2313,701,2405,538,2463,685,2110,532,2167,684,0,746,84,1006,1732,544,1791,686,3424,438,3475,599,2188,1872,2353,1963,1416,568,1483,724,1884,524,1952,705,,,,,,,,,,,,,,,,,,,,
241,2954,562,3018,734,2601,571,2664,742,2259,520,2318,700,2407,533,2467,689,2115,530,2172,684,0,746,85,1009,1739,539,1797,683,3424,438,3475,599,2188,1873,2352,1963,1426,568,1492,724,1887,521,1956,701,,,,,,,,,,,,,,,,,,,,
242,2956,557,3019,725,2605,571,2665,736,2266,519,2324,696,2409,527,2470,688,2121,530,2175,676,0,745,86,1010,1749,536,1807,682,3423,436,3475,599,2188,1874,2351,1963,1437,566,1501,722,1894,518,1962,697,,,,,,,,,,,,,,,,,,,,
243,2957,554,3019,720,2605,563,2668,734,2269,513,2329,697,2409,521,2474,692,2126,531,2181,680,0,745,86,1012,1755,531,1812,677,3423,436,3475,599,2188,1875,2351,1963,1446,560,1511,721,1904,516,1969,688,,,,,,,,,,,,,,,,,,,,
244,2959,552,3018,705,2606,554,2670,729,2273,510,2332,691,2414,519,2475,680,2131,527,2188,682,0,748,85,1013,1761,524,1822,679,3423,436,3475,598,2190,1877,2349,1962,1452,553,1518,716,1912,514,1974,680,,,,,,,,,,,,,,,,,,,,
245,2958,550,3017,702,2610,550,2671,720,2276,507,2334,684,2419,518,2476,670,2135,523,2192,678,0,749,84,1012,1768,522,1828,675,3423,436,3475,598,2190,1877,2348,1962,1459,551,1523,707,1921,513,1981,673,,,,,,,,,,,,,,,,,,,,
246,2958,550,3018,702,2611,550,2671,713,2280,506,2337,675,2422,514,2479,666,2143,522,2199,676,0,750,84,1013,1774,521,1833,673,3423,436,3475,598,2190,1878,2347,1962,1467,549,1531,699,1926,513,1986,672,,,,,,,,,,,,,,,,,,,,
247,2956,549,3018,705,2616,551,2671,704,2286,505,2341,671,2423,513,2479,662,2152,520,2204,662,0,748,84,1012,1782,515,1839,660,3423,437,3476,597,2189,1878,2348,1961,1476,552,1536,688,1933,511,1991,669,,,,,,,,,,,,,,,,,,,,
248,2955,549,3017,705,2618,551,2673,703,2292,503,2348,667,2425,513,2480,657,2159,517,2207,647,0,747,83,1011,1789,511,1847,658,3423,437,3476,597,2189,1879,2347,1961,1488,545,1547,678,1938,511,1996,668,,,,,,,,,,,,,,,,,,,,
249,2956,544,3018,698,2620,551,2674,697,2297,502,2352,665,2428,513,2483,656,2164,515,2211,642,0,749,82,1010,1798,508,1854,651,3422,436,3476,598,2189,1879,2347,1961,1496,544,1558,684,1944,509,2002,668,,,,,,,,,,,,,,,,,,,,
250,2957,533,3021,693,2622,551,2675,696,2300,500,2354,661,2430,509,2486,656,2168,515,2215,642,0,750,82,1010,1805,507,1863,652,3422,436,3476,599,2189,1879,2347,1960,1505,543,1567,684,1946,507,2004,666,,,,,,,,,,,,,,,,,,,,
251,2957,525,3022,690,2624,549,2677,693,2303,498,2357,659,2434,506,2489,653,2173,515,2220,642,0,752,81,1010,1815,510,1872,651,3422,436,3477,599,2188,1879,2348,1960,1512,539,1575,683,1951,505,2008,661,,,,,,,,,,,,,,,,,,,,
252,2959,522,3022,684,2624,536,2681,694,2304,495,2358,658,2435,503,2490,650,2176,513,2224,642,0,752,81,1011,1822,509,1877,645,3422,436,3477,599,2187,1878,2349,1960,1521,531,1585,678,1956,505,2012,654,,,,,,,,,,,,,,,,,,,,
253,2961,520,3021,676,2626,529,2684,692,2305,486,2362,657,2436,502,2491,651,2178,509,2230,646,0,753,80,1011,1828,508,1883,643,3422,435,3478,600,2186,1878,2349,1960,1527,525,1592,677,1961,497,2019,646,,,,,,,,,,,,,,,,,,,,
254,2963,519,3022,670,2630,523,2687,684,2310,481,2367,655,2440,498,2493,641,2179,505,2232,646,0,754,80,1012,1832,506,1890,648,3422,435,3478,600,2186,1878,2349,1960,1533,522,1599,678,1970,492,2028,640,,,,,,,,,,,,,,,,,,,,
255,2964,518,3022,668,2632,521,2687,676,2314,477,2371,650,2443,495,2495,635,2179,502,2234,647,0,759,79,1012,1838,504,1894,642,3422,435,3477,601,2185,1878,2349,1959,1543,521,1605,672,1978,489,2032,628,,,,,,,,,,,,,,,,,,,,
256,2965,517,3023,669,2634,522,2686,669,2317,475,2373,644,2447,494,2497,630,2184,501,2239,646,0,760,79,1013,1842,502,1897,637,3422,436,3478,600,2185,1878,2350,1960,1552,520,1612,663,1985,491,2038,627,,,,,,,,,,,,,,,,,,,,
257,2966,517,3025,669,2636,523,2686,664,2321,476,2374,641,2448,492,2498,625,2189,500,2243,640,0,764,78,1014,1848,500,1902,632,3422,436,3478,600,2185,1878,2351,1960,1561,516,1620,660,1990,488,2045,628,,,,,,,,,,,,,,,,,,,,
258,2967,519,3026,671,2637,523,2688,661,2325,476,2377,635,2449,492,2501,630,2192,495,2247,638,1,771,78,1014,1854,501,1906,628,3423,437,3478,600,2184,1878,2351,1960,1568,515,1626,655,1992,482,2051,632,,,,,,,,,,,,,,,,,,,,
259,2967,513,3028,671,2640,522,2691,661,2328,478,2380,635,2452,490,2506,634,2197,491,2251,632,2,779,77,1013,1863,502,1913,623,3423,437,3478,600,2185,1878,2352,1960,1575,514,1632,653,1999,478,2060,635,,,,,,,,,,,,,,,,,,,,
260,2969,508,3028,663,2643,521,2695,664,2332,478,2383,632,2453,486,2510,635,2202,490,2253,624,2,780,78,1015,1869,503,1920,624,3423,437,3478,599,2185,1878,2353,1960,1584,512,1641,652,2005,476,2065,633,,,,,,,,,,,,,,,,,,,,
261,2969,501,3030,662,2644,515,2699,664,2336,475,2388,630,2455,484,2513,635,2205,489,2257,625,2,783,77,1015,1874,497,1929,628,3423,437,3478,599,2185,1878,2353,1960,1592,507,1651,651,2009,473,2071,635,,,,,,,,,,,,,,,,,,,,
262,2973,496,3032,656,2647,507,2703,663,2342,475,2393,629,2458,480,2515,631,2208,488,2261,629,2,787,77,1013,1877,488,1936,630,3423,436,3478,599,2185,1878,2354,1960,1599,503,1656,644,2015,469,2076,630,,,,,,,,,,,,,,,,,,,,
263,2976,494,3033,646,2649,502,2706,663,2346,475,2398,627,2460,476,2518,633,2214,484,2267,625,3,792,76,1012,1881,482,1941,626,3422,436,3478,599,2185,1878,2353,1960,1602,500,1660,645,2024,469,2081,620,,,,,,,,,,,,,,,,,,,,
264,2978,493,3034,640,2651,498,2708,657,2348,475,2400,626,2462,474,2520,627,2219,480,2274,625,3,793,76,1012,1887,478,1946,624,3422,435,3478,598,2184,1878,2353,1960,1608,502,1663,638,2030,469,2085,616,,,,,,,,,,,,,,,,,,,,
265,2980,493,3036,639,2655,497,2709,649,2350,470,2404,626,2464,474,2519,620,2222,475,2277,621,2,791,77,1012,1895,480,1951,618,3423,435,3479,598,2184,1879,2353,1960,1615,499,1669,630,2037,469,2088,607,,,,,,,,,,,,,,,,,,,,
266,2980,493,3037,641,2658,496,2711,643,2352,466,2407,625,2466,473,2520,615,2226,472,2280,615,1,789,77,1012,1901,479,1956,616,3423,435,3480,599,2185,1879,2353,1960,1620,497,1675,626,2042,467,2093,606,,,,,,,,,,,,,,,,,,,,
267,2979,493,3036,638,2661,496,2714,643,2356,460,2412,625,2467,474,2520,610,2228,470,2281,610,1,788,76,1009,1910,481,1963,613,3424,435,3480,598,2185,1879,2352,1960,1627,493,1682,621,2046,463,2100,610,,,,,,,,,,,,,,,,,,,,
268,2979,491,3035,635,2662,498,2714,640,2359,456,2415,619,2469,474,2522,608,2232,467,2284,606,1,789,75,1007,1914,479,1967,610,3424,434,3481,598,2183,1879,2353,1960,1633,491,1689,618,2050,462,2102,606,,,,,,,,,,,,,,,,,,,,
269,2978,487,3034,633,2664,499,2714,636,2363,451,2419,610,2473,474,2524,601,2236,466,2286,599,0,789,75,1009,1919,477,1971,609,3425,434,3481,596,2183,1879,2353,1960,1641,490,1699,621,2055,460,2107,603,,,,,,,,,,,,,,,,,,,,
270,2976,482,3034,632,2664,496,2714,633,2367,452,2421,603,2475,474,2526,602,2240,468,2287,595,0,788,76,1010,1926,477,1976,603,3426,433,3481,595,2184,1881,2352,1960,1648,486,1707,620,2058,456,2110,603,,,,,,,,,,,,,,,,,,,,
271,2977,480,3034,630,2665,497,2716,634,2370,452,2423,599,2475,473,2527,601,2241,470,2289,596,0,788,76,1011,1930,474,1981,602,3426,433,3482,595,2184,1881,2352,1960,1655,482,1714,617,2062,454,2115,602,,,,,,,,,,,,,,,,,,,,
272,2978,480,3034,626,2667,490,2720,634,2375,454,2427,598,2479,470,2529,596,2244,470,2291,595,0,789,75,1011,1934,471,1985,599,3428,434,3483,592,2184,1881,2352,1961,1660,482,1719,617,2068,456,2121,603,,,,,,,,,,,,,,,,,,,,
273,2979,479,3034,622,2669,486,2723,634,2379,457,2429,597,2481,469,2533,599,2247,471,2295,596,0,791,71,1009,1937,469,1989,596,3429,435,3483,592,2183,1882,2352,1961,1664,480,1724,618,2071,456,2124,598,,,,,,,,,,,,,,,,,,,,
274,2979,479,3034,619,2671,480,2725,630,2383,459,2432,595,2486,470,2536,593,2249,470,2296,594,0,792,69,1011,1942,468,1991,591,3429,435,3484,591,2182,1881,2352,1961,1670,479,1729,618,2074,454,2127,594,,,,,,,,,,,,,,,,,,,,
275,2980,479,3033,614,2673,477,2725,622,2386,458,2435,596,2489,471,2538,593,2250,466,2299,594,0,794,63,1010,1945,466,1995,590,3430,435,3484,590,2181,1881,2352,1961,1678,479,1735,614,2079,455,2130,593,,,,,,,,,,,,,,,,,,,,
276,2982,482,3033,609,2677,476,2727,617,2389,457,2439,596,2492,472,2538,585,2252,465,2301,592,0,794,61,1011,1949,465,1999,587,3430,434,3485,590,2181,1880,2353,1961,1686,476,1742,609,2082,455,2132,588,,,,,,,,,,,,,,,,,,,,
277,2982,482,3034,608,2681,476,2729,610,2394,456,2443,594,2493,474,2540,585,2255,467,2302,588,0,794,59,1013,1954,467,2003,588,3430,434,3485,589,2180,1880,2353,1961,1692,476,1747,607,2085,454,2137,591,,,,,,,,,,,,,,,,,,,,
278,2982,483,3034,607,2684,478,2730,607,2395,450,2445,589,2495,476,2542,585,2258,467,2304,586,0,795,55,1013,1960,468,2009,586,3429,433,3485,591,2179,1880,2353,1961,1697,474,1752,606,2087,453,2140,591,,,,,,,,,,,,,,,,,,,,
279,2982,483,3035,607,2686,478,2733,610,2397,444,2449,588,2498,476,2545,586,2259,469,2305,586,0,795,51,1014,1964,466,2014,586,3429,433,3486,592,2180,1880,2352,1961,1705,477,1757,602,2090,454,2142,589,,,,,,,,,,,,,,,,,,,,
280,2981,480,3035,607,2687,476,2736,613,2397,438,2451,589,2500,475,2550,590,2261,469,2308,586,0,794,48,1014,1967,463,2017,586,3429,432,3486,592,2180,1880,2352,1961,1708,470,1763,603,2093,453,2144,585,,,,,,,,,,,,,,,,,,,,
281,2979,479,3035,607,2687,475,2738,616,2399,433,2455,589,2504,475,2552,588,2262,468,2311,588,0,791,48,1014,1967,460,2018,586,3429,432,3486,592,2180,1880,2352,1961,1714,468,1767,597,2095,452,2147,587,,,,,,,,,,,,,,,,,,,,
282,2978,480,3034,606,2687,475,2739,614,2403,431,2459,587,2505,473,2554,589,2262,468,2312,586,0,790,47,1014,1968,457,2020,587,3429,433,3485,592,2180,1881,2352,1961,1720,467,1773,597,2100,451,2150,582,,,,,,,,,,,,,,,,,,,,
283,2979,482,3033,603,2690,474,2740,609,2406,431,2462,583,2509,469,2556,582,2263,468,2312,581,0,789,46,1015,1972,455,2021,582,3429,433,3485,592,2179,1880,2353,1961,1724,465,1776,593,2104,452,2152,573,,,,,,,,,,,,,,,,,,,,
284,2979,485,3031,600,2693,473,2742,604,2409,431,2464,581,2512,468,2559,577,2263,469,2312,582,0,788,44,1015,1976,455,2024,575,3429,433,3485,592,2178,1879,2353,1961,1726,463,1779,591,2109,453,2155,569,,,,,,,,,,,,,,,,,,,,
285,2976,488,3027,598,2695,472,2743,600,2413,431,2468,583,2516,467,2563,575,2264,470,2312,578,0,788,42,1009,1980,455,2027,575,3429,433,3485,592,2178,1879,2352,1960,1731,461,1784,589,2110,454,2157,567,,,,,,,,,,,,,,,,,,,,
286,2972,490,3023,596,2696,474,2744,598,2416,437,2469,583,2521,467,2568,574,2264,471,2313,579,0,788,40,1008,1982,454,2029,573,3430,434,3485,590,2177,1878,2352,1960,1737,457,1790,587,2112,453,2161,571,,,,,,,,,,,,,,,,,,,,
287,2967,490,3019,599,2697,474,2746,597,2419,445,2469,580,2525,471,2570,572,2264,470,2313,579,0,788,40,1014,1985,457,2031,571,3429,434,3485,591,2176,1877,2352,1960,1743,456,1794,583,2114,453,2164,573,,,,,,,,,,,,,,,,,,,,
288,2965,490,3017,597,2699,473,2747,597,2421,449,2469,580,2527,473,2573,573,2264,470,2314,578,,,,,1986,456,2031,568,3429,434,3486,593,2177,1877,2353,1959,1748,458,1796,579,2115,454,2165,570,,,,,,,,,,,,,,,,,,,,
289,2961,491,3014,596,2701,474,2750,596,2425,455,2472,579,2528,474,2575,577,2264,469,2312,573,,,,,1986,454,2032,566,3428,434,3485,593,2177,1876,2354,1959,1752,456,1800,579,2117,453,2167,569,,,,,,,,,,,,,,,,,,,,
290,2956,489,3009,597,2703,474,2751,596,2426,462,2472,580,2530,474,2578,581,2264,469,2312,571,,,,,1987,452,2033,564,3428,433,3485,593,2177,1875,2356,1960,1760,454,1806,571,2118,453,2169,569,,,,,,,,,,,,,,,,,,,,
291,2949,483,3006,596,2706,474,2754,594,2427,466,2474,584,2532,475,2581,581,2264,470,2313,574,,,,,1988,451,2036,565,3428,433,3485,593,2177,1875,2357,1960,1761,455,1808,573,2120,455,2171,570,,,,,,,,,,,,,,,,,,,,
292,2944,489,2998,596,2707,474,2756,593,2427,469,2475,585,2534,476,2581,578,2263,473,2313,576,,,,,1988,450,2038,567,3427,433,3485,593,2177,1874,2358,1960,1766,453,1811,569,2120,456,2172,570,,,,,,,,,,,,,,,,,,,,
293,2942,492,2995,597,2709,475,2756,591,2427,469,2477,586,2537,477,2583,579,2261,472,2312,577,,,,,1988,449,2039,568,3428,434,3486,592,2176,1872,2358,1961,1772,453,1817,565,2121,456,2173,571,,,,,,,,,,,,,,,,,,,,
294,2940,493,2993,597,2712,476,2759,591,2428,470,2478,586,2540,479,2584,579,2258,470,2312,578,,,,,1987,450,2038,568,3429,434,3486,592,2175,1872,2359,1961,1777,455,1821,565,2121,457,2174,571,,,,,,,,,,,,,,,,,,,,
295,2937,493,2991,598,2715,476,2762,590,2429,470,2481,586,2542,481,2587,580,2256,469,2311,578,,,,,1988,451,2038,567,3429,434,3486,592,2175,1871,2360,1961,1781,456,1824,566,2120,457,2174,572,,,,,,,,,,,,,,,,,,,,
296,2936,493,2989,597,2718,475,2765,589,2429,471,2481,584,2546,484,2587,575,2253,466,2310,577,,,,,1989,451,2040,568,3428,434,3486,594,2175,1869,2361,1962,1788,457,1830,562,2119,459,2173,572,,,,,,,,,,,,,,,,,,,,
297,2935,494,2987,597,2722,473,2768,586,2429,468,2483,583,2550,486,2588,571,2252,464,2311,577,,,,,1989,451,2040,566,3428,434,3486,594,2174,1868,2362,1962,1794,458,1836,560,2120,459,2174,571,,,,,,,,,,,,,,,,,,,,
298,2933,495,2985,597,2723,473,2771,589,2430,466,2484,583,2551,487,2592,576,2249,465,2309,577,,,,,1987,450,2038,565,3428,434,3486,594,2175,1867,2361,1962,1796,458,1839,563,2120,460,2175,571,,,,,,,,,,,,,,,,,,,,
299,2930,499,2981,597,2726,475,2774,591,2426,461,2482,582,2550,486,2594,583,2246,464,2305,576,,,,,1986,451,2037,566,3428,435,3485,593,2176,1867,2361,1962,1795,451,1841,562,2119,458,2175,572,,,,,,,,,,,,,,,,,,,,
300,2926,498,2979,600,2729,475,2777,592,2424,459,2482,583,2548,485,2594,585,2243,464,2302,576,,,,,1985,452,2038,570,3428,435,3485,593,2176,1867,2361,1962,,,,,2120,457,2177,573,,,,,,,,,,,,,,,,,,,,
301,2923,499,2975,599,2732,476,2780,593,2424,458,2482,585,2548,484,2596,588,2241,467,2299,577,,,,,1984,453,2037,572,3428,434,3485,593,2176,1865,2362,1963,,,,,2122,456,2178,573,,,,,,,,,,,,,,,,,,,,
302,2921,500,2972,598,2734,478,2781,594,2423,458,2482,587,2548,483,2596,589,2235,463,2296,579,,,,,1983,455,2036,573,3429,435,3486,592,2174,1862,2365,1963,,,,,2123,454,2179,572,,,,,,,,,,,,,,,,,,,,
303,2918,502,2969,598,2737,480,2783,593,2421,460,2480,589,2547,481,2597,592,2231,463,2292,579,,,,,1983,459,2034,574,3429,435,3486,591,2174,1861,2367,1965,1810,455,1857,569,2124,454,2180,572,,,,,,,,,,,,,,,,,,,,
304,2916,502,2964,594,2739,482,2783,591,2421,461,2478,587,2548,482,2596,592,2229,464,2289,579,,,,,1982,460,2032,574,3429,435,3486,591,2174,1860,2368,1965,1813,457,1858,567,2125,458,2180,574,,,,,,,,,,,,,,,,,,,,
305,2912,499,2958,588,2740,483,2785,593,2419,462,2476,587,2549,483,2596,591,2227,465,2286,578,,,,,1979,462,2029,574,3428,433,3486,592,2174,1859,2368,1966,1816,457,1861,567,2125,461,2179,576,,,,,,,,,,,,,,,,,,,,
306,2905,499,2954,593,2740,482,2786,594,2419,464,2475,587,2550,483,2598,592,2224,465,2282,578,,,,,1976,462,2027,577,3427,433,3485,592,2173,1859,2368,1967,1819,460,1862,565,2124,464,2179,580,,,,,,,,,,,,,,,,,,,,
307,2900,497,2951,597,2741,481,2786,591,2417,464,2472,587,2551,487,2596,587,2222,465,2278,576,,,,,1974,462,2025,577,3427,433,3485,592,2173,1858,2369,1967,1821,461,1863,561,2124,465,2179,581,,,,,,,,,,,,,,,,,,,,
308,2896,497,2951,603,2742,479,2788,592,2412,460,2471,592,2551,488,2596,586,2219,466,2274,576,,,,,1970,459,2021,573,3428,434,3485,590,2175,1857,2370,1967,1823,463,1864,559,2123,466,2177,581,,,,,,,,,,,,,,,,,,,,
309,2894,497,2950,606,2743,479,2790,594,2409,459,2469,593,2548,489,2595,590,2217,467,2272,578,,,,,1967,460,2018,574,3428,434,3485,590,2175,1856,2371,1967,1825,463,1867,560,2121,469,2174,582,,,,,,,,,,,,,,,,,,,,
310,2892,498,2949,607,2745,479,2791,594,2405,459,2466,595,2543,487,2593,595,2213,467,2267,576,,,,,1965,461,2016,574,3429,434,3485,590,2175,1855,2371,1968,1828,463,1871,562,2119,466,2174,582,,,,,,,,,,,,,,,,,,,,
311,2891,498,2949,608,2747,479,2794,594,2399,459,2463,603,2542,486,2593,596,2211,470,2263,575,,,,,1963,462,2015,574,3428,434,3485,590,2175,1853,2372,1968,1829,463,1873,563,2117,464,2173,583,,,,,,,,,,,,,,,,,,,,
312,2891,498,2949,609,2751,478,2797,594,2397,462,2459,603,2540,486,2592,597,2209,473,2259,573,,,,,1961,463,2012,574,3428,435,3485,591,2175,1852,2372,1967,1830,462,1874,562,2115,463,2173,583,,,,,,,,,,,,,,,,,,,,
313,2891,496,2948,607,2752,477,2800,595,2396,463,2456,603,2539,486,2591,598,2206,477,2254,575,,,,,1958,463,2007,569,3428,435,3485,591,2177,1852,2371,1967,1831,463,1873,558,2115,463,2172,582,,,,,,,,,,,,,,,,,,,,
314,2890,495,2947,606,2753,477,2801,595,2395,467,2454,605,2535,486,2591,605,2207,478,2254,573,,,,,1955,463,2004,567,3428,435,3485,591,2176,1850,2371,1966,1830,463,1872,556,2113,465,2169,582,,,,,,,,,,,,,,,,,,,,
315,2889,495,2948,611,2754,477,2802,595,2395,469,2451,602,2532,489,2588,610,2205,479,2254,579,,,,,1953,465,2002,567,3428,435,3485,591,2178,1848,2372,1965,1830,465,1870,555,2112,467,2167,582,,,,,,,,,,,,,,,,,,,,
316,2888,496,2947,615,2754,478,2803,596,2391,467,2448,603,2531,491,2586,611,2200,478,2251,584,,,,,1950,462,2002,571,3426,433,3483,592,2178,1847,2373,1965,1828,464,1872,560,2108,468,2163,583,,,,,,,,,,,,,,,,,,,,
317,2887,497,2947,622,2755,478,2804,596,2389,465,2446,603,2530,495,2583,611,2195,479,2249,592,,,,,1945,459,1998,570,3425,432,3483,592,2178,1844,2374,1965,1828,466,1872,560,2106,470,2160,582,,,,,,,,,,,,,,,,,,,,
318,2887,500,2947,626,2756,477,2806,596,2386,463,2445,606,2528,498,2580,611,2191,479,2244,591,,,,,1942,458,1996,574,3425,432,3482,593,2178,1841,2375,1964,1826,464,1872,562,2105,471,2160,583,,,,,,,,,,,,,,,,,,,,
319,2886,504,2945,628,2763,485,2810,596,2384,465,2442,607,2527,499,2579,612,2188,480,2240,593,,,,,1939,461,1993,579,3424,431,3482,593,2180,1840,2376,1963,1826,467,1873,566,2103,469,2159,585,,,,,,,,,,,,,,,,,,,,
320,2886,504,2944,629,2765,488,2812,600,2380,463,2438,608,2526,500,2576,610,2185,482,2236,592,,,,,1935,461,1990,582,3424,431,3482,594,2180,1838,2377,1963,1825,466,1872,566,2101,471,2158,589,,,,,,,,,,,,,,,,,,,,
321,2887,507,2944,631,2767,488,2814,602,2378,466,2436,611,2523,499,2571,607,2179,479,2230,591,,,,,1935,467,1986,581,3424,432,3481,593,2179,1832,2379,1962,1823,464,1869,566,2099,475,2153,591,,,,,,,,,,,,,,,,,,,,
322,2888,506,2945,631,2765,489,2816,613,2376,467,2433,611,2518,499,2567,610,2172,477,2227,598,,,,,1933,474,1981,583,3424,432,3481,592,2178,1827,2383,1962,1821,464,1868,568,2094,472,2151,594,,,,,,,,,,,,,,,,,,,,
323,2888,507,2942,629,2766,490,2817,613,2369,466,2428,616,2513,499,2564,612,2170,477,2225,602,,,,,1929,475,1977,581,3424,432,3480,592,2178,1822,2387,1961,1822,467,1867,567,2093,473,2147,590,,,,,,,,,,,,,,,,,,,,
324,2887,506,2942,631,2767,492,2815,609,2366,467,2424,616,2514,501,2561,605,2167,479,2222,605,,,,,1926,474,1972,575,3424,432,3480,592,2179,1818,2390,1962,1822,472,1861,557,2086,472,2141,589,,,,,,,,,,,,,,,,,,,,
325,2886,506,2943,635,2770,498,2815,607,2365,469,2423,619,2512,505,2560,611,2166,481,2218,604,,,,,1920,479,1968,585,3424,432,3480,592,2181,1816,2393,1963,1821,475,1857,554,2080,473,2137,597,,,,,,,,,,,,,,,,,,,,
326,2887,509,2944,637,2770,498,2816,606,2365,471,2421,620,2508,507,2556,613,2166,480,2215,598,,,,,1915,482,1964,590,3425,432,3481,593,2184,1813,2394,1963,1819,475,1856,555,2078,475,2135,599,,,,,,,,,,,,,,,,,,,,
327,2886,512,2945,649,2769,497,2816,608,2362,473,2418,623,2504,510,2553,619,2162,482,2212,602,,,,,1912,481,1960,587,3425,432,3481,593,2186,1811,2395,1963,1818,476,1855,557,2075,475,2133,602,,,,,,,,,,,,,,,,,,,,
