frame,p1_x,p1_y,p2_x,p2_y,p3_x,p3_y,p4_x,p4_y,p5_x,p5_y,p6_x,p6_y,p7_x,p7_y,p8_x,p8_y,p9_x,p9_y,p10_x,p10_y,p11_x,p11_y,p12_x,p12_y,p15_x,p15_y,p16_x,p16_y,p17_x,p17_y,p19_x,p19_y
0,91.34,-2.26,78.7,-3.34,53.48,0.24,64.46,-0.77,43.19,-0.49,-20.600000381469727,4.230000019073486,23.14,0.01,119.84,65.62,78.57,-15.23,6.670000076293945,-0.10999999940395355,32.11,0.78,,,,,,,,,,
1,91.31,-2.27,78.63,-3.16,53.45,0.24,64.47,-0.73,43.19,-0.49,-20.639999389648438,4.21999979019165,23.14,0.01,119.67,65.61,78.51,-15.24,7.019999980926514,-0.2800000011920929,32.06,0.83,,,,,,,,,,
2,91.34,-2.26,78.68,-3.16,53.48,0.2,64.47,-0.73,43.23,-0.53,-20.639999389648438,4.21999979019165,23.21,0.02,119.72,65.79,78.48,-15.25,7.090000152587891,-0.3199999928474426,32.01,0.87,,,,,,,,,,
3,91.34,-2.26,78.7,-3.15,53.48,0.2,64.52,-0.72,43.23,-0.53,-20.479999542236328,4.170000076293945,23.16,0.12,119.66,65.78,78.42,-15.26,7.210000038146973,-0.36000001430511475,32.06,0.83,,,,,,,,,,
4,91.36,-2.26,78.63,-2.78,53.51,0.2,64.58,-0.71,43.12,-0.46,-20.520000457763672,4.170000076293945,23.2,0.17,119.55,65.77,78.38,-15.26,7.429999828338623,-0.4399999976158142,31.94,0.96,,,,,,,,,,
5,91.36,-2.26,78.56,-2.43,53.66,0.18,64.56,-0.68,43.12,-0.46,-20.520000457763672,4.170000076293945,23.24,0.23,119.5,65.77,78.36,-15.25,7.199999809265137,-0.3100000023841858,31.94,0.96,,,,,,,,,,
6,91.36,-2.26,78.53,-2.34,53.6,0.17,64.59,-0.67,43.08,-0.42,-20.559999465942383,4.159999847412109,23.34,0.19,119.34,65.58,78.33,-15.27,7.28000020980835,-0.3499999940395355,31.89,1.0,,,,,,,,,,
7,91.36,-2.26,78.55,-2.3,53.63,0.18,64.64,-0.67,43.08,-0.42,-20.610000610351562,4.150000095367432,23.44,0.2,119.29,65.58,78.28,-15.26,7.079999923706055,-0.1599999964237213,31.94,0.96,,,,,,,,,,
8,91.34,-2.26,78.53,-2.24,53.66,0.18,64.67,-0.66,43.05,-0.42,-20.84000015258789,4.269999980926514,23.45,0.26,119.18,65.39,78.25,-15.27,6.900000095367432,0.09000000357627869,31.94,0.96,,,,,,,,,,
9,91.33,-2.29,78.53,-2.24,53.66,0.18,64.72,-0.69,43.05,-0.42,-21.1299991607666,4.369999885559082,23.55,0.27,119.13,65.39,78.19,-15.26,6.630000114440918,0.27000001072883606,31.91,0.95,,,,,,,,,,
10,91.31,-2.3,78.54,-2.27,53.63,0.13,64.75,-0.69,43.08,-0.42,-21.31999969482422,4.489999771118164,23.58,0.27,119.08,65.21,78.15,-15.26,6.880000114440918,0.36000001430511475,31.69,0.97,,,,,,,,,,
11,91.31,-2.33,78.54,-2.27,53.69,0.14,64.76,-0.65,43.05,-0.42,-21.56999969482422,4.599999904632568,23.58,0.27,119.03,65.2,78.11,-15.27,7.210000038146973,0.28999999165534973,31.71,0.93,,,,,,,,,,
12,91.33,-2.32,78.54,-2.27,53.72,0.15,64.73,-0.65,43.09,-0.46,-21.979999542236328,4.769999980926514,23.52,0.27,119.12,65.56,78.09,-15.26,7.429999828338623,0.3199999928474426,31.72,0.88,,,,,,,,,,
13,91.33,-2.32,78.51,-2.34,53.72,0.15,64.68,-0.62,43.12,-0.46,-22.389999389648438,4.929999828338623,23.48,0.26,119.11,65.74,78.05,-15.26,7.5,0.38999998569488525,31.81,0.84,,,,,,,,,,
14,91.33,-2.32,78.47,-2.38,53.63,0.13,64.65,-0.63,43.09,-0.46,-22.6299991607666,5.039999961853027,23.45,0.26,119.05,65.73,78.01,-15.27,7.840000152587891,0.3199999928474426,31.81,0.84,,,,,,,,,,
15,91.31,-2.33,78.41,-2.36,53.69,0.14,64.66,-0.7,43.12,-0.46,-22.799999237060547,5.099999904632568,23.38,0.25,119.19,66.28,77.97,-15.27,8.180000305175781,0.20000000298023224,31.81,0.84,,,,,,,,,,
16,91.31,-2.33,78.28,-2.18,53.69,0.14,64.66,-0.7,43.16,-0.5,-22.84000015258789,5.090000152587891,23.4,0.2,119.13,66.27,77.94,-15.28,8.050000190734863,0.3499999940395355,31.81,0.84,,,,,,,,,,
17,91.29,-2.33,78.19,-2.06,53.69,0.14,64.69,-0.81,43.16,-0.5,-22.889999389648438,5.090000152587891,23.46,0.11,119.08,66.27,77.92,-15.28,8.15999984741211,0.3700000047683716,31.81,0.84,,,,,,,,,,
18,91.29,-2.36,78.12,-2.0,53.69,0.14,64.69,-0.81,43.23,-0.53,-22.93000030517578,5.079999923706055,23.54,0.02,118.99,65.9,77.9,-15.29,8.270000457763672,0.4300000071525574,31.84,0.85,,,,,,,,,,
19,91.29,-2.33,78.08,-1.94,53.69,0.14,64.69,-0.81,43.19,-0.54,-22.969999313354492,5.070000171661377,23.51,0.01,118.96,66.26,77.86,-15.29,8.229999542236328,0.47999998927116394,31.82,0.89,,,,,,,,,,
20,91.29,-2.33,78.07,-1.91,53.57,0.17,64.69,-0.81,43.19,-0.54,-22.979999542236328,5.0,23.51,0.01,118.91,66.25,77.84,-15.28,8.300000190734863,0.49000000953674316,31.77,0.94,,,,,,,,,,
21,91.29,-2.33,77.97,-1.72,53.63,0.18,64.67,-0.82,43.16,-0.5,-22.940000534057617,4.929999828338623,23.47,0.01,118.95,66.43,77.82,-15.28,8.34000015258789,0.5,31.75,0.98,,,,,,,,,,
22,91.26,-2.33,77.86,-1.53,53.66,0.18,64.69,-0.85,43.16,-0.5,-22.860000610351562,4.869999885559082,23.47,0.01,118.9,66.43,77.8,-15.28,8.180000305175781,0.6399999856948853,31.82,0.99,,,,,,,,,,
23,91.24,-2.34,77.82,-1.57,53.66,0.18,64.62,-0.78,43.16,-0.5,-22.780000686645508,4.809999942779541,23.43,-0.05,118.75,66.06,77.79,-15.3,8.180000305175781,0.6399999856948853,31.8,1.04,,,,,,,,,,
24,91.24,-2.31,77.79,-1.58,53.63,0.22,64.55,-0.72,43.19,-0.54,-22.780000686645508,4.809999942779541,23.52,-0.14,118.75,66.06,77.75,-15.31,8.100000381469727,0.6899999976158142,31.66,1.22,,,,,,,,,,
25,91.22,-2.31,77.81,-1.64,53.63,0.22,64.52,-0.72,43.16,-0.54,-22.829999923706055,4.800000190734863,23.45,-0.15,118.71,65.88,77.75,-15.31,7.940000057220459,0.7799999713897705,31.73,1.23,,,,,,,,,,
26,91.22,-2.31,77.78,-1.54,53.63,0.22,64.44,-0.73,43.2,-0.58,-22.8700008392334,4.800000190734863,23.59,-0.28,118.61,65.69,77.73,-15.31,7.909999847412109,0.7799999713897705,31.85,1.19,,,,,,,,,,
27,91.26,-2.3,77.71,-1.38,53.6,0.26,64.33,-0.71,43.27,-0.61,-22.959999084472656,4.789999961853027,23.64,-0.37,118.55,65.69,77.73,-15.31,7.989999771118164,0.7300000190734863,32.12,1.03,,,,,,,,,,
28,91.26,-2.36,77.66,-1.22,53.6,0.26,64.25,-0.72,43.23,-0.57,-23.0,4.78000020980835,23.52,-0.34,118.58,66.05,77.71,-15.32,8.020000457763672,0.7300000190734863,32.24,1.0,,,,,,,,,,
29,91.26,-2.36,77.64,-1.15,53.51,0.2,64.17,-0.69,43.23,-0.57,-23.0,4.78000020980835,23.31,-0.22,118.58,66.05,77.74,-15.33,8.0600004196167,0.7400000095367432,32.17,1.09,,,,,,,,,,
30,91.29,-2.36,77.58,-1.02,53.48,0.2,64.08,-0.63,43.27,-0.57,-22.959999084472656,4.789999961853027,23.06,-0.1,118.53,66.04,77.72,-15.33,8.130000114440918,0.75,32.15,1.14,,,,,,,,,,
31,91.31,-2.33,77.59,-0.95,53.57,0.21,64.02,-0.52,43.27,-0.57,-22.829999923706055,4.730000019073486,22.9,-0.07,118.53,66.04,77.74,-15.33,8.170000076293945,0.75,32.25,1.05,,,,,,,,,,
32,91.36,-2.32,77.55,-0.82,53.63,0.22,63.96,-0.53,43.33,-0.6,-22.829999923706055,4.730000019073486,22.77,-0.04,118.53,66.04,77.72,-15.33,8.279999732971191,0.7099999785423279,32.22,1.05,,,,,,,,,,
33,91.38,-2.31,77.52,-0.71,53.63,0.22,63.91,-0.5,43.37,-0.6,-22.829999923706055,4.730000019073486,22.64,-0.0,118.43,65.86,77.72,-15.33,8.350000381469727,0.7200000286102295,32.36,0.97,,,,,,,,,,
34,91.41,-2.31,77.58,-0.74,53.63,0.22,63.88,-0.5,43.33,-0.56,-23.0,4.78000020980835,22.54,0.03,118.33,65.67,77.68,-15.34,8.430000305175781,0.6800000071525574,32.37,0.92,,,,,,,,,,
35,91.43,-2.28,77.56,-0.67,53.66,0.18,63.87,-0.54,43.25,-0.48,-23.040000915527344,4.769999980926514,22.53,-0.07,118.28,65.49,77.66,-15.32,8.390000343322754,0.7300000190734863,32.41,0.92,,,,,,,,,,
36,91.45,-2.33,77.6,-0.6,53.63,0.22,63.82,-0.51,43.29,-0.52,-23.170000076293945,4.829999923706055,22.57,-0.21,118.23,65.49,77.61,-15.31,8.390000343322754,0.7300000190734863,32.56,0.8,,,,,,,,,,
37,91.45,-2.33,77.66,-0.62,53.66,0.18,63.82,-0.51,43.29,-0.52,-23.170000076293945,4.829999923706055,22.45,-0.18,118.18,65.31,77.58,-15.32,8.15999984741211,0.8600000143051147,32.73,0.72,,,,,,,,,,
38,91.48,-2.27,77.69,-0.62,53.69,0.19,63.82,-0.51,43.25,-0.48,-23.290000915527344,4.889999866485596,22.41,-0.19,118.28,65.49,77.56,-15.32,8.119999885559082,0.9100000262260437,32.61,0.85,,,,,,,,,,
39,91.48,-2.21,77.74,-0.61,53.69,0.19,63.8,-0.51,43.28,-0.48,-23.760000228881836,4.980000019073486,22.47,-0.23,118.23,65.49,77.56,-15.32,7.960000038146973,1.0099999904632568,32.56,0.89,,,,,,,,,,
40,91.5,-2.15,77.77,-0.61,53.72,0.15,63.77,-0.52,43.31,-0.48,-23.93000030517578,5.03000020980835,22.63,-0.31,118.27,65.67,77.57,-15.34,7.809999942779541,1.0399999618530273,32.49,0.98,,,,,,,,,,
41,91.55,-2.14,77.79,-0.6,53.57,0.21,63.74,-0.52,43.34,-0.47,-24.18000030517578,5.139999866485596,22.82,-0.38,118.12,65.48,77.57,-15.34,7.849999904632568,0.9900000095367432,32.47,1.03,,,,,,,,,,
42,91.6,-2.1,77.85,-0.6,53.66,0.18,63.69,-0.49,43.41,-0.51,-24.389999389648438,5.190000057220459,22.92,-0.37,118.06,65.47,77.57,-15.34,7.809999942779541,0.9900000095367432,32.49,0.98,,,,,,,,,,
43,91.6,-2.04,77.89,-0.56,53.69,0.19,63.61,-0.46,43.41,-0.51,-24.43000030517578,5.179999828338623,22.74,-0.24,118.05,65.65,77.58,-15.32,7.860000133514404,0.9399999976158142,32.57,0.95,,,,,,,,,,
44,91.6,-1.92,77.94,-0.55,53.69,0.19,63.56,-0.47,43.41,-0.51,-24.600000381469727,5.239999771118164,22.87,-0.22,118.05,65.65,77.58,-15.32,7.860000133514404,0.9399999976158142,32.56,0.99,,,,,,,,,,
45,91.63,-1.86,77.99,-0.51,53.72,0.15,63.57,-0.55,43.41,-0.51,-24.520000457763672,5.170000076293945,22.97,-0.26,118.05,65.65,77.6,-15.32,7.860000133514404,0.9399999976158142,32.56,0.99,,,,,,,,,,
46,91.63,-1.79,77.98,-0.47,53.72,0.15,63.57,-0.55,43.37,-0.47,-24.56999969482422,5.170000076293945,23.03,-0.25,117.85,65.28,77.6,-15.32,7.820000171661377,0.9300000071525574,32.64,0.95,,,,,,,,,,
47,91.63,-1.76,77.97,-0.44,53.72,0.15,63.56,-0.59,43.37,-0.47,-24.440000534057617,5.110000133514404,22.95,-0.16,117.8,65.27,77.6,-15.32,7.739999771118164,0.9800000190734863,32.78,0.87,,,,,,,,,,
48,91.61,-1.8,77.98,-0.36,53.66,0.22,63.55,-0.63,43.37,-0.47,-24.399999618530273,5.119999885559082,23.2,-0.28,117.71,64.92,77.6,-15.32,7.699999809265137,0.9700000286102295,32.81,0.88,,,,,,,,,,
49,91.61,-1.74,77.95,-0.37,53.63,0.22,63.55,-0.63,43.37,-0.47,-24.18000030517578,5.070000171661377,23.38,-0.35,117.76,64.92,77.6,-15.33,7.590000152587891,1.0099999904632568,32.89,0.84,,,,,,,,,,
50,91.58,-1.74,77.95,-0.37,53.63,0.22,63.53,-0.59,43.29,-0.39,-24.139999389648438,5.070000171661377,23.48,-0.39,117.72,64.74,77.6,-15.33,7.510000228881836,1.059999942779541,32.91,0.89,,,,,,,,,,
51,91.56,-1.71,77.94,-0.33,53.66,0.18,63.51,-0.59,43.29,-0.35,-24.09000015258789,5.079999923706055,23.54,-0.38,117.73,64.57,77.61,-15.35,7.550000190734863,1.0099999904632568,32.92,0.94,,,,,,,,,,
52,91.54,-1.72,77.9,-0.38,53.66,0.18,63.52,-0.67,43.29,-0.35,-24.049999237060547,5.090000152587891,23.4,-0.25,117.73,64.57,77.59,-15.35,7.670000076293945,0.9100000262260437,33.14,0.83,,,,,,,,,,
53,91.49,-1.72,77.94,-0.33,53.66,0.18,63.5,-0.63,43.33,-0.39,-23.959999084472656,5.099999904632568,23.32,-0.11,117.73,64.57,77.54,-15.38,7.710000038146973,0.8600000143051147,33.26,0.79,,,,,,,,,,
54,91.46,-1.7,77.93,-0.3,53.69,0.19,63.53,-0.63,43.43,-0.46,-23.8799991607666,5.110000133514404,23.28,0.03,117.73,64.57,77.47,-15.41,7.679999828338623,0.8600000143051147,33.24,0.84,,,,,,,,,,
55,91.46,-1.67,77.9,-0.2,53.72,0.15,63.6,-0.7,43.5,-0.49,-23.829999923706055,5.110000133514404,23.29,0.13,117.73,64.57,77.4,-15.42,7.599999904632568,0.8500000238418579,33.36,0.81,,,,,,,,,,
56,91.44,-1.61,77.9,-0.09,53.72,0.15,63.6,-0.7,43.61,-0.52,-23.65999984741211,5.059999942779541,23.36,0.14,117.79,64.58,77.28,-15.42,7.570000171661377,0.8399999737739563,33.42,0.82,,,,,,,,,,
57,91.42,-1.58,77.92,-0.05,53.69,0.14,63.62,-0.73,43.68,-0.6,-23.579999923706055,5.070000171661377,23.61,0.03,117.75,64.4,77.15,-15.44,7.53000020980835,0.8399999737739563,33.49,0.82,,,,,,,,,,
58,91.42,-1.49,77.94,-0.12,53.69,0.14,63.62,-0.69,43.71,-0.55,-23.530000686645508,5.079999923706055,23.62,0.08,117.79,64.58,76.98,-15.46,7.369999885559082,0.9300000071525574,33.54,0.78,,,,,,,,,,
59,91.42,-1.36,77.92,-0.16,53.72,0.15,63.55,-0.63,43.62,-0.43,-23.530000686645508,5.079999923706055,23.41,0.25,117.83,64.75,76.92,-15.46,7.420000076293945,0.8799999952316284,33.52,0.83,,,,,,,,,,
60,91.4,-1.3,77.9,-0.2,53.72,0.15,63.53,-0.59,43.61,-0.35,-23.610000610351562,5.139999866485596,23.35,0.29,117.83,64.75,76.88,-15.46,7.489999771118164,0.8299999833106995,33.51,0.88,,,,,,,,,,
61,91.37,-1.28,77.85,-0.2,53.72,0.15,63.51,-0.55,43.64,-0.34,-23.610000610351562,5.139999866485596,23.33,0.34,117.82,64.93,76.97,-15.47,7.460000038146973,0.8299999833106995,33.51,0.88,,,,,,,,,,
62,91.35,-1.25,77.87,-0.27,53.75,0.15,63.51,-0.55,43.61,-0.21,-23.56999969482422,5.150000095367432,23.3,0.39,117.82,64.93,77.06,-15.45,7.460000038146973,0.8299999833106995,33.54,0.88,34.97999954223633,-21.959999084472656,,,,,,,,
63,91.33,-1.28,77.85,-0.31,53.75,0.15,63.49,-0.52,43.68,-0.2,-23.649999618530273,5.210000038146973,23.3,0.39,117.82,64.93,77.13,-15.44,7.539999961853027,0.7799999713897705,33.52,0.93,34.95000076293945,-21.950000762939453,,,,,,,,
64,91.28,-1.29,77.85,-0.42,53.72,0.15,63.53,-0.59,43.78,-0.28,-23.649999618530273,5.210000038146973,23.4,0.35,117.82,64.93,77.19,-15.43,7.619999885559082,0.6800000071525574,33.54,0.98,34.95000076293945,-21.93000030517578,,,,,,,,
65,91.25,-1.29,77.9,-0.59,53.66,0.18,63.53,-0.59,43.85,-0.31,-23.530000686645508,5.150000095367432,23.49,0.31,117.72,64.74,77.27,-15.4,7.699999809265137,0.6399999856948853,33.67,0.9,34.9900016784668,-21.93000030517578,,,,,,,,
66,91.25,-1.26,77.92,-0.66,53.66,0.18,63.55,-0.63,43.84,-0.23,-23.530000686645508,5.150000095367432,23.61,0.23,117.72,64.74,77.39,-15.4,7.630000114440918,0.6299999952316284,33.62,0.94,35.279998779296875,-21.940000534057617,,,,,,,,
67,91.25,-1.26,77.95,-0.69,53.66,0.18,63.62,-0.69,43.86,-0.18,-23.559999465942383,5.21999979019165,23.69,0.14,117.72,64.74,77.5,-15.42,7.550000190734863,0.6200000047683716,33.62,0.94,35.7400016784668,-21.860000610351562,,,,,,,,
68,91.25,-1.26,78.0,-0.75,53.51,0.16,63.65,-0.69,43.85,-0.13,-23.520000457763672,5.230000019073486,23.72,0.09,117.72,64.74,77.59,-15.39,7.400000095367432,0.6499999761581421,33.62,0.94,35.95000076293945,-21.850000381469727,,,,,,,,
69,91.28,-1.29,78.01,-0.79,53.57,0.21,63.68,-0.69,43.85,-0.09,-23.770000457763672,5.340000152587891,23.69,0.09,117.72,64.74,77.69,-15.35,7.289999961853027,0.6899999976158142,33.67,0.9,35.91999816894531,-21.829999923706055,35.220001220703125,-22.0,,,,,,
70,91.3,-1.25,78.04,-0.82,53.51,0.29,63.71,-0.68,43.88,-0.09,-23.770000457763672,5.340000152587891,23.62,0.08,117.72,64.74,77.75,-15.36,7.099999904632568,0.7200000286102295,33.64,0.89,35.5,-21.65999984741211,35.29999923706055,-21.989999771118164,,,,,,
71,91.33,-1.28,78.01,-0.79,53.51,0.29,63.73,-0.72,43.91,-0.08,-23.770000457763672,5.340000152587891,23.55,0.07,117.72,64.74,77.81,-15.35,7.059999942779541,0.7200000286102295,33.62,0.84,,,,,,,,,,
72,91.35,-1.28,78.01,-0.79,53.48,0.28,63.73,-0.72,43.9,-0.04,-23.729999542236328,5.349999904632568,23.54,0.02,117.68,64.57,77.85,-15.35,7.139999866485596,0.6700000166893005,33.55,0.83,,,,,,,,,,
73,91.37,-1.31,77.98,-0.79,53.48,0.28,63.73,-0.72,43.93,-0.03,-23.729999542236328,5.349999904632568,23.38,0.05,117.68,64.57,77.88,-15.34,7.139999866485596,0.6200000047683716,33.47,0.87,,,,,,,,,,
74,91.37,-1.28,77.99,-0.82,53.39,0.27,63.78,-0.75,44.01,-0.11,-23.850000381469727,5.400000095367432,23.37,-0.01,117.62,64.56,77.94,-15.33,7.070000171661377,0.6100000143051147,33.54,0.78,35.869998931884766,-21.420000076293945,,,,,,,,
75,91.4,-1.18,77.98,-0.79,53.36,0.27,63.8,-0.79,43.97,-0.07,-23.850000381469727,5.400000095367432,23.27,-0.02,117.62,64.56,77.99,-15.32,7.110000133514404,0.5600000023841858,33.51,0.78,36.02000045776367,-21.360000610351562,,,,,,,,
76,91.43,-1.05,77.95,-0.76,53.39,0.23,63.83,-0.78,44.0,-0.07,-23.940000534057617,5.46999979019165,23.11,0.01,117.67,64.74,78.07,-15.33,6.929999828338623,0.5899999737739563,33.47,0.77,36.279998779296875,-21.40999984741211,,,,,,,,
77,91.45,-0.95,77.93,-0.8,53.39,0.23,63.79,-0.71,44.0,-0.07,-24.059999465942383,5.53000020980835,23.01,-0.01,117.67,64.74,78.13,-15.32,6.849999904632568,0.5799999833106995,33.49,0.73,36.060001373291016,-21.520000457763672,,,,,,,,
78,91.45,-0.92,77.92,-0.87,53.39,0.23,63.79,-0.71,43.96,-0.03,-23.940000534057617,5.46999979019165,22.94,-0.01,117.61,64.74,78.17,-15.31,6.849999904632568,0.5799999833106995,33.42,0.72,35.9900016784668,-21.510000228881836,,,,,,,,
79,91.48,-0.88,77.88,-0.91,53.36,0.23,63.81,-0.71,43.96,-0.03,-23.940000534057617,5.46999979019165,22.84,-0.03,117.57,64.56,78.21,-15.32,6.849999904632568,0.5799999833106995,33.42,0.72,36.279998779296875,-21.31999969482422,,,,,,,,
80,91.53,-0.81,77.86,-0.95,53.39,0.23,63.91,-0.77,44.03,-0.06,-24.059999465942383,5.53000020980835,22.89,-0.12,117.51,64.55,78.25,-15.32,6.849999904632568,0.5799999833106995,33.39,0.71,36.38999938964844,-21.229999542236328,35.400001525878906,-21.920000076293945,35.720001220703125,-21.5,,,,
81,91.55,-0.84,77.8,-0.92,53.39,0.23,63.87,-0.7,44.03,-0.06,-23.940000534057617,5.46999979019165,22.95,-0.16,117.47,64.38,78.28,-15.31,6.889999866485596,0.5799999833106995,33.31,0.75,36.58000183105469,-21.25,35.40999984741211,-21.899999618530273,35.66999816894531,-21.530000686645508,,,,
82,91.58,-0.8,77.77,-0.82,53.39,0.23,63.9,-0.69,43.99,-0.03,-23.940000534057617,5.46999979019165,22.85,-0.13,117.47,64.38,78.34,-15.3,6.849999904632568,0.5799999833106995,33.16,0.88,36.75,-21.280000686645508,35.369998931884766,-21.899999618530273,35.68000030517578,-21.559999465942383,,,,
83,91.63,-0.83,77.76,-0.79,53.39,0.23,63.9,-0.69,43.92,0.01,-23.940000534057617,5.46999979019165,22.76,-0.09,117.53,64.38,78.36,-15.3,6.96999979019165,0.5400000214576721,33.06,0.96,36.86000061035156,-21.25,35.41999816894531,-21.8799991607666,,,,,,
84,91.63,-0.89,77.75,-0.86,53.48,0.24,63.9,-0.69,43.96,0.01,-23.940000534057617,5.46999979019165,22.64,-0.0,117.51,64.55,78.36,-15.3,7.0,0.5400000214576721,32.96,1.05,36.90999984741211,-21.219999313354492,35.47999954223633,-21.899999618530273,,,,,,
85,91.63,-0.89,77.77,-0.82,53.51,0.25,63.87,-0.7,43.99,-0.03,-23.940000534057617,5.46999979019165,22.64,-0.0,117.51,64.55,78.36,-15.3,7.0,0.5400000214576721,32.72,1.21,36.97999954223633,-21.190000534057617,,,,,,,,
86,91.65,-0.89,77.73,-0.79,53.45,0.19,63.87,-0.7,43.99,-0.03,-23.979999542236328,5.460000038146973,22.7,-0.05,117.51,64.55,78.35,-15.28,7.039999961853027,0.550000011920929,32.86,1.03,37.16999816894531,-21.18000030517578,,,,,,,,
87,91.63,-0.86,77.73,-0.79,53.45,0.19,63.89,-0.73,43.99,-0.03,-23.979999542236328,5.460000038146973,22.7,-0.05,117.46,64.55,78.33,-15.29,7.039999961853027,0.550000011920929,32.7,1.16,37.41999816894531,-21.270000457763672,,,,,,,,
88,91.63,-0.8,77.71,-0.79,53.42,0.19,63.86,-0.74,44.06,-0.06,-23.979999542236328,5.460000038146973,22.73,-0.04,117.46,64.55,78.3,-15.29,7.039999961853027,0.550000011920929,32.89,1.04,37.470001220703125,-21.239999771118164,,,,,,,,
89,91.63,-0.8,77.68,-0.8,53.48,0.24,63.86,-0.74,44.03,-0.06,-23.979999542236328,5.460000038146973,22.77,-0.04,117.46,64.55,78.28,-15.26,7.079999923706055,0.550000011920929,32.96,0.95,37.900001525878906,-21.34000015258789,,,,,,,,
90,91.63,-0.76,77.66,-0.8,53.48,0.28,63.84,-0.7,44.06,-0.06,-24.020000457763672,5.460000038146973,22.74,0.01,117.46,64.55,78.26,-15.25,7.079999923706055,0.550000011920929,33.09,0.87,37.88999938964844,-21.309999465942383,,,,,,,,
91,91.65,-0.73,77.66,-0.8,53.51,0.29,63.84,-0.7,44.03,-0.06,-23.979999542236328,5.460000038146973,22.78,0.01,117.42,64.37,78.23,-15.23,7.0,0.6000000238418579,32.99,0.95,38.02000045776367,-21.540000915527344,,,,,,,,
92,91.65,-0.76,77.66,-0.8,53.51,0.33,63.81,-0.71,44.03,-0.06,-23.850000381469727,5.400000095367432,22.9,-0.07,117.46,64.55,78.23,-15.23,7.0,0.6000000238418579,32.96,0.95,38.43000030517578,-21.5,,,,,,,,
93,91.65,-0.86,77.63,-0.8,53.51,0.33,63.81,-0.71,44.06,-0.06,-23.979999542236328,5.460000038146973,23.08,-0.15,117.51,64.55,78.22,-15.24,7.0,0.6000000238418579,32.92,0.94,38.29999923706055,-21.59000015258789,,,,,,,,
94,91.6,-0.86,77.63,-0.8,53.48,0.24,63.84,-0.74,44.03,-0.02,-23.979999542236328,5.460000038146973,23.18,-0.18,117.6,64.91,78.24,-15.25,7.039999961853027,0.6000000238418579,32.92,0.94,38.400001525878906,-21.56999969482422,,,,,,,,
95,91.6,-0.8,77.6,-0.81,53.48,0.2,63.81,-0.71,43.99,0.02,-23.979999542236328,5.460000038146973,23.36,-0.26,117.6,64.91,78.22,-15.25,7.110000133514404,0.5600000023841858,32.89,0.94,38.810001373291016,-21.399999618530273,,,,,38.43000030517578,-21.600000381469727,,
96,91.55,-0.81,77.6,-0.81,53.45,0.19,63.81,-0.71,43.91,0.1,-23.850000381469727,5.400000095367432,23.38,-0.16,117.6,64.91,78.25,-15.27,7.079999923706055,0.550000011920929,32.79,1.02,38.7599983215332,-21.389999389648438,,,,,,,,
97,91.51,-0.78,77.59,-0.77,53.45,0.19,63.81,-0.71,43.83,0.18,-23.600000381469727,5.289999961853027,23.33,-0.06,117.6,64.91,78.25,-15.27,7.0,0.6000000238418579,32.64,1.15,38.869998931884766,-21.389999389648438,,,,,39.27000045776367,-21.3799991607666,,
98,91.5,-0.85,77.6,-0.81,53.45,0.19,63.81,-0.71,43.71,0.34,-23.600000381469727,5.289999961853027,23.4,-0.05,117.6,64.91,78.27,-15.28,6.920000076293945,0.6399999856948853,32.59,1.19,39.2599983215332,-21.290000915527344,,,,,,,,
99,91.48,-0.91,77.6,-0.81,53.45,0.19,63.81,-0.71,43.59,0.46,-23.520000457763672,5.230000019073486,23.37,-0.01,117.6,64.91,78.33,-15.27,6.840000152587891,0.6899999976158142,32.53,1.24,39.59000015258789,-21.280000686645508,,,,,,,,
100,91.45,-1.01,77.58,-0.81,53.42,0.19,63.79,-0.67,43.62,0.46,-23.770000457763672,5.340000152587891,23.47,0.01,117.64,65.09,78.39,-15.28,6.880000114440918,0.6899999976158142,32.64,1.15,39.84000015258789,-21.260000228881836,,,,,,,38.779998779296875,-21.530000686645508
101,91.45,-1.14,77.58,-0.81,53.45,0.19,63.79,-0.67,43.58,0.51,-23.729999542236328,5.349999904632568,23.42,0.1,117.64,65.09,78.4,-15.26,6.960000038146973,0.6499999761581421,32.69,1.11,40.0,-21.25,,,,,,,38.84000015258789,-21.520000457763672
102,91.4,-1.18,77.57,-0.78,53.45,0.19,63.79,-0.67,43.6,0.55,-23.729999542236328,5.349999904632568,23.49,0.11,117.68,65.26,78.44,-15.25,7.039999961853027,0.6000000238418579,32.86,1.03,40.06999969482422,-21.260000228881836,,,,,,,38.95000076293945,-21.469999313354492
103,91.4,-1.21,77.55,-0.82,53.45,0.19,63.77,-0.67,43.6,0.6,-23.979999542236328,5.460000038146973,23.46,0.16,117.68,65.26,78.46,-15.25,7.039999961853027,0.6000000238418579,32.86,1.03,39.2400016784668,-20.690000534057617,,,,,,,39.29999923706055,-21.399999618530273
104,91.4,-1.24,77.55,-0.82,53.42,0.19,63.75,-0.64,43.61,0.51,-23.979999542236328,5.460000038146973,23.4,0.2,117.64,65.09,78.48,-15.25,7.0,0.6000000238418579,32.91,0.99,39.619998931884766,-20.780000686645508,,,,,,,39.540000915527344,-21.360000610351562
105,91.37,-1.24,77.55,-0.82,53.42,0.19,63.72,-0.64,43.65,0.47,-23.979999542236328,5.460000038146973,23.37,0.2,117.59,65.08,78.49,-15.25,7.0,0.6000000238418579,32.94,1.0,39.709999084472656,-20.739999771118164,,,,,,,39.7599983215332,-21.270000457763672
106,91.35,-1.28,77.53,-0.85,53.42,0.19,63.72,-0.64,43.57,0.55,-23.979999542236328,5.460000038146973,23.34,0.19,117.59,65.08,78.51,-15.24,6.880000114440918,0.6399999856948853,32.94,1.0,40.209999084472656,-20.979999542236328,,,,,,,39.810001373291016,-21.239999771118164
107,91.35,-1.28,77.53,-0.85,53.42,0.19,63.72,-0.64,43.57,0.55,-23.979999542236328,5.460000038146973,23.34,0.19,117.64,65.09,78.53,-15.22,6.800000190734863,0.6800000071525574,32.86,1.03,39.2400016784668,-20.3799991607666,,,,,,,40.380001068115234,-21.190000534057617
108,91.33,-1.31,77.53,-0.85,53.42,0.19,63.72,-0.64,43.57,0.55,-24.020000457763672,5.460000038146973,23.34,0.19,117.56,64.73,78.56,-15.22,6.800000190734863,0.6800000071525574,32.75,1.12,40.4900016784668,-20.860000610351562,,,,,,,,
109,91.35,-1.28,77.53,-0.85,53.42,0.19,63.69,-0.65,43.6,0.55,-24.020000457763672,5.460000038146973,23.3,0.19,117.56,64.73,78.58,-15.21,6.840000152587891,0.6899999976158142,32.79,1.12,41.06999969482422,-21.010000228881836,,,,,,,,
110,91.37,-1.28,77.51,-0.86,53.42,0.19,63.74,-0.68,43.64,0.56,-24.020000457763672,5.460000038146973,23.3,0.19,117.56,64.73,78.62,-15.21,7.0,0.6000000238418579,32.79,1.12,41.38999938964844,-21.06999969482422,,,,,,,,
111,91.37,-1.24,77.48,-0.86,53.42,0.19,63.77,-0.67,43.63,0.6,-24.149999618530273,5.519999980926514,23.23,0.18,117.56,64.73,78.62,-15.21,7.079999923706055,0.550000011920929,32.75,1.12,41.52000045776367,-21.049999237060547,,,,,,,,
112,91.37,-1.24,77.48,-0.86,53.45,0.15,63.77,-0.67,43.59,0.64,-24.020000457763672,5.460000038146973,23.13,0.16,117.57,64.56,78.62,-15.21,7.110000133514404,0.5600000023841858,32.79,1.12,40.91999816894531,-20.780000686645508,,,,,,,41.5099983215332,-21.06999969482422
113,91.4,-1.24,77.48,-0.86,53.42,0.19,63.79,-0.67,43.59,0.64,-24.020000457763672,5.460000038146973,23.18,0.07,117.51,64.55,78.62,-15.22,6.960000038146973,0.6499999761581421,32.7,1.16,39.459999084472656,-19.950000762939453,,,,,,,41.66999816894531,-21.040000915527344
114,91.4,-1.24,77.49,-0.89,53.39,0.23,63.84,-0.7,43.55,0.68,-24.06999969482422,5.449999809265137,23.24,-0.02,117.46,64.55,78.62,-15.22,6.960000038146973,0.6499999761581421,32.7,1.16,40.68000030517578,-20.40999984741211,,,,,,,41.849998474121094,-20.959999084472656
115,91.4,-1.24,77.46,-0.9,53.39,0.23,63.9,-0.69,43.54,0.73,-24.020000457763672,5.460000038146973,23.19,-0.08,117.46,64.55,78.64,-15.22,7.150000095367432,0.5600000023841858,32.7,1.16,37.43000030517578,-18.670000076293945,,,,,,,42.16999816894531,-20.93000030517578
116,91.4,-1.21,77.48,-0.86,53.36,0.27,63.96,-0.69,43.54,0.73,-24.020000457763672,5.460000038146973,23.19,-0.13,117.46,64.55,78.64,-15.22,7.309999942779541,0.4699999988079071,32.75,1.12,38.25,-19.030000686645508,,,,,,,42.43000030517578,-20.8700008392334
117,91.4,-1.21,77.45,-0.86,53.39,0.23,64.03,-0.71,43.53,0.77,-24.06999969482422,5.449999809265137,23.18,-0.18,117.47,64.38,78.64,-15.22,7.340000152587891,0.47999998927116394,32.75,1.12,38.47999954223633,-19.030000686645508,,,,,,,42.68000030517578,-20.829999923706055
118,91.4,-1.21,77.45,-0.86,53.39,0.23,64.12,-0.7,43.56,0.78,-23.940000534057617,5.389999866485596,23.05,-0.15,117.42,64.37,78.66,-15.22,7.230000019073486,0.5199999809265137,32.7,1.16,38.810001373291016,-19.020000457763672,,,,,,,42.90999984741211,-20.829999923706055
119,91.4,-1.24,77.45,-0.86,53.39,0.23,64.18,-0.65,43.52,0.82,-23.940000534057617,5.389999866485596,23.08,-0.2,117.47,64.38,78.67,-15.24,7.190000057220459,0.5099999904632568,32.81,1.08,38.91999816894531,-18.899999618530273,,,,,,,43.150001525878906,-20.790000915527344
120,91.42,-1.24,77.43,-0.87,53.39,0.19,64.24,-0.65,43.6,0.74,-23.940000534057617,5.389999866485596,22.9,-0.07,117.42,64.37,78.7,-15.23,7.230000019073486,0.5199999809265137,32.81,1.08,39.869998931884766,-19.270000457763672,,,,,,,43.2400016784668,-20.760000228881836
121,91.42,-1.27,77.41,-0.91,53.36,0.18,64.25,-0.57,43.64,0.74,-23.940000534057617,5.389999866485596,22.8,-0.03,117.46,64.55,78.76,-15.22,7.269999980926514,0.5199999809265137,32.75,1.12,40.31999969482422,-19.399999618530273,,,,,,,43.41999816894531,-20.709999084472656
122,91.4,-1.27,77.41,-0.91,53.45,0.15,64.33,-0.59,43.52,0.86,-23.940000534057617,5.389999866485596,22.74,0.01,117.46,64.55,78.77,-15.2,7.230000019073486,0.5199999809265137,32.77,1.07,41.45000076293945,-19.920000076293945,,,,,,,43.56999969482422,-20.670000076293945
123,91.4,-1.24,77.37,-0.95,53.48,0.07,64.32,-0.52,43.51,0.91,-23.860000610351562,5.329999923706055,22.71,0.0,117.4,64.54,78.79,-15.2,7.269999980926514,0.5199999809265137,32.82,1.03,42.08000183105469,-20.149999618530273,,,,,,,43.779998779296875,-20.600000381469727
124,91.37,-1.31,77.32,-0.99,53.48,0.03,64.41,-0.58,43.51,0.91,-23.860000610351562,5.329999923706055,22.61,0.04,117.4,64.54,78.77,-15.2,7.269999980926514,0.5199999809265137,32.55,1.19,42.52000045776367,-20.309999465942383,,,,,,,44.099998474121094,-20.59000015258789
125,91.37,-1.34,77.3,-0.99,53.48,-0.06,64.44,-0.58,43.58,0.87,-23.860000610351562,5.329999923706055,22.54,0.03,117.4,64.54,78.7,-15.18,7.340000152587891,0.47999998927116394,32.47,1.23,42.41999816894531,-20.190000534057617,,,,,,,44.310001373291016,-20.56999969482422
126,91.37,-1.34,77.3,-0.99,53.6,-0.21,64.48,-0.53,43.62,0.83,-23.860000610351562,5.329999923706055,22.72,-0.15,117.45,64.72,78.68,-15.16,7.380000114440918,0.47999998927116394,32.42,1.27,42.0099983215332,-20.200000762939453,,,,,,,44.52000045776367,-20.540000915527344
127,91.37,-1.34,77.25,-1.0,53.81,-0.43,64.46,-0.5,43.65,0.84,-23.860000610351562,5.329999923706055,22.71,-0.2,117.39,64.72,78.61,-15.19,7.340000152587891,0.47999998927116394,32.47,1.23,41.83000183105469,-20.170000076293945,,,,,,,44.470001220703125,-20.510000228881836
128,91.37,-1.34,77.25,-1.03,53.95,-0.49,64.45,-0.42,43.68,0.84,-23.860000610351562,5.329999923706055,22.68,-0.2,117.45,64.72,78.57,-15.2,7.309999942779541,0.4699999988079071,32.47,1.23,41.97999954223633,-20.219999313354492,,,,,,,44.529998779296875,-20.5
129,91.37,-1.28,77.25,-1.03,54.07,-0.56,64.19,0.09,43.68,0.89,-23.989999771118164,5.389999866485596,22.74,-0.24,117.39,64.72,78.53,-15.19,7.190000057220459,0.5699999928474426,32.42,1.27,42.61000061035156,-20.399999618530273,,,,,,,44.529998779296875,-20.5
130,91.35,-1.28,77.28,-1.03,54.31,-0.69,64.19,0.21,43.7,0.94,-24.030000686645508,5.380000114440918,22.7,-0.25,117.45,64.72,78.53,-15.19,6.989999771118164,0.6499999761581421,32.31,1.36,43.029998779296875,-20.479999542236328,,,,,,,44.61000061035156,-20.489999771118164
131,91.33,-1.22,77.27,-1.0,54.42,-0.71,64.13,0.32,43.73,0.94,-24.030000686645508,5.380000114440918,22.67,-0.25,117.4,64.54,78.54,-15.2,6.909999847412109,0.699999988079071,32.35,1.36,43.11000061035156,-20.649999618530273,,,,,,,44.72999954223633,-20.450000762939453
132,91.3,-1.22,77.3,-0.99,54.54,-0.86,63.99,0.63,43.72,0.99,-24.030000686645508,5.380000114440918,22.68,-0.2,117.4,64.54,78.56,-15.2,6.960000038146973,0.6499999761581421,32.31,1.46,43.470001220703125,-20.690000534057617,,,,,,,44.849998474121094,-20.43000030517578
133,91.3,-1.19,77.32,-0.99,54.68,-1.0,63.93,0.78,43.75,1.04,-24.030000686645508,5.380000114440918,22.68,-0.15,117.4,64.54,78.46,-15.22,6.960000038146973,0.6499999761581421,32.29,1.51,43.75,-20.639999389648438,,,,,,,45.029998779296875,-20.420000076293945
134,91.3,-1.25,77.34,-0.95,54.74,-1.04,64.02,0.67,43.78,1.04,-24.030000686645508,5.380000114440918,22.69,-0.1,117.4,64.54,78.29,-15.23,7.039999961853027,0.6000000238418579,32.38,1.47,43.52000045776367,-20.709999084472656,,,,,,,45.279998779296875,-20.440000534057617
135,91.33,-1.28,77.37,-0.95,54.63,-0.81,64.14,0.53,43.84,1.05,-24.030000686645508,5.380000114440918,22.72,-0.15,117.4,64.54,78.27,-15.23,7.039999961853027,0.6000000238418579,32.41,1.47,43.56999969482422,-20.760000228881836,,,,,,,45.540000915527344,-20.34000015258789
136,91.33,-1.28,77.37,-0.95,54.66,-0.72,64.12,0.56,43.89,1.15,-24.030000686645508,5.380000114440918,22.63,-0.06,117.45,64.72,78.29,-15.23,7.070000171661377,0.6100000143051147,32.38,1.57,43.619998931884766,-20.790000915527344,,,,,,,45.86000061035156,-20.290000915527344
137,91.3,-1.22,77.39,-0.94,54.63,-0.64,64.12,0.61,43.87,1.29,-23.989999771118164,5.389999866485596,22.61,0.04,117.49,64.9,78.31,-15.22,6.989999771118164,0.6499999761581421,32.34,1.66,43.56999969482422,-20.760000228881836,,,,,,,46.220001220703125,-20.290000915527344
138,91.3,-1.22,77.38,-0.8,54.63,-0.56,64.12,0.61,43.9,1.29,-23.989999771118164,5.389999866485596,22.62,0.09,117.49,64.9,78.31,-15.22,6.800000190734863,0.7400000095367432,32.43,1.62,43.5099983215332,-20.770000457763672,,,,,,,46.560001373291016,-20.260000228881836
139,91.25,-1.23,77.35,-0.6,54.66,-0.6,64.13,0.65,43.98,1.39,-24.15999984741211,5.440000057220459,22.84,0.02,117.49,64.9,78.33,-15.22,6.880000114440918,0.6899999976158142,32.44,1.68,43.47999954223633,-20.780000686645508,,,,,,,46.83000183105469,-20.209999084472656
140,91.25,-1.26,77.31,-0.35,54.43,-0.22,64.12,0.73,44.21,1.38,-24.15999984741211,5.440000057220459,22.83,0.12,117.45,64.72,78.3,-15.21,6.880000114440918,0.6899999976158142,32.44,1.78,43.47999954223633,-20.790000915527344,,,,,,,47.06999969482422,-20.190000534057617
141,91.2,-1.27,77.28,-0.07,54.35,0.07,64.08,0.68,44.45,1.13,-24.280000686645508,5.5,22.93,0.14,117.4,64.54,78.3,-15.21,6.880000114440918,0.6899999976158142,32.51,1.79,43.459999084472656,-20.780000686645508,,,,,,,47.380001068115234,-20.1299991607666
142,91.18,-1.24,77.33,-0.02,54.2,0.38,64.13,0.65,44.68,0.89,-24.280000686645508,5.5,23.19,0.12,117.4,64.54,78.29,-15.23,7.0,0.6000000238418579,32.8,1.67,43.540000915527344,-20.780000686645508,,,,,,,47.720001220703125,-20.06999969482422
143,91.13,-1.25,77.24,0.4,54.23,0.43,64.23,0.58,44.59,1.01,-24.239999771118164,5.5,23.23,0.18,117.45,64.72,78.27,-15.23,7.039999961853027,0.6000000238418579,32.83,1.78,43.560001373291016,-20.780000686645508,,,,,,,48.0099983215332,-19.989999771118164
144,91.08,-1.16,77.23,0.62,54.24,0.65,64.18,0.73,44.67,1.12,-24.06999969482422,5.449999809265137,23.22,0.28,117.45,64.72,78.22,-15.25,6.960000038146973,0.6499999761581421,32.79,1.98,43.59000015258789,-20.760000228881836,,,,,,,48.2599983215332,-19.950000762939453
145,91.06,-1.16,77.2,0.73,54.0,1.14,64.16,0.81,44.75,1.27,-24.06999969482422,5.449999809265137,23.29,0.34,117.45,64.72,78.15,-15.26,6.880000114440918,0.6899999976158142,33.2,1.83,43.61000061035156,-20.75,,,,,,,48.41999816894531,-19.93000030517578
146,91.18,-0.92,77.15,0.73,54.06,1.1,64.22,0.82,44.73,0.98,-23.940000534057617,5.389999866485596,23.25,0.48,117.49,64.9,78.07,-15.28,6.800000190734863,0.7400000095367432,33.53,1.67,43.599998474121094,-20.719999313354492,,,,,,,48.560001373291016,-19.920000076293945
147,91.36,-0.77,77.15,0.73,54.06,1.23,64.31,0.83,44.48,1.32,-24.06999969482422,5.449999809265137,23.18,0.68,117.45,64.72,78.02,-15.29,6.760000228881836,0.7300000190734863,33.74,1.7,43.59000015258789,-20.670000076293945,,,,,,,48.7400016784668,-19.93000030517578
148,91.51,-0.59,77.11,0.76,53.79,2.0,64.31,1.0,44.34,2.21,-24.110000610351562,5.449999809265137,23.44,0.61,117.45,64.72,77.93,-15.26,6.880000114440918,0.6899999976158142,33.69,1.95,43.709999084472656,-20.670000076293945,,,,,,,49.0,-19.940000534057617
149,91.67,-0.18,77.01,1.01,53.7,2.49,64.39,0.97,44.38,2.8,-24.239999771118164,5.5,23.77,0.4,117.4,64.54,77.88,-15.29,6.960000038146973,0.6499999761581421,33.72,2.05,43.83000183105469,-20.649999618530273,,,,,,,49.09000015258789,-19.889999389648438
150,91.65,0.05,77.0,1.16,53.58,2.9,64.52,1.03,44.44,3.25,-24.110000610351562,5.449999809265137,23.67,0.59,117.42,64.37,78.14,-15.25,6.989999771118164,0.7099999785423279,34.19,1.71,43.939998626708984,-20.610000610351562,,,,,,,,
151,91.55,0.1,76.81,2.14,53.39,3.34,64.39,1.51,44.49,3.36,-24.15999984741211,5.440000057220459,23.53,0.99,117.5,64.73,78.0,-15.29,7.099999904632568,0.7200000286102295,33.63,2.4,44.06999969482422,-20.610000610351562,,,,,,,,
152,91.5,0.2,76.73,2.62,53.23,3.66,64.01,2.26,44.52,3.36,-24.110000610351562,5.449999809265137,23.31,1.32,117.54,64.9,78.14,-15.25,7.239999771118164,0.7400000095367432,33.63,2.4,44.16999816894531,-20.610000610351562,,,,,,,,
153,91.4,0.32,76.63,3.09,53.29,3.57,63.83,2.72,44.97,3.27,-24.030000686645508,5.380000114440918,23.05,1.6,117.54,64.9,78.2,-15.24,7.380000114440918,0.8199999928474426,33.5,2.69,44.2599983215332,-20.6200008392334,,,,,,,,
154,91.28,0.64,76.65,3.22,53.65,3.52,63.82,3.11,45.2,3.3,-23.989999771118164,5.389999866485596,23.15,1.62,117.54,64.9,78.25,-15.23,7.53000020980835,0.8399999737739563,33.43,2.89,44.29999923706055,-20.649999618530273,,,,,,,,
155,91.18,1.45,76.75,3.31,53.96,3.47,63.8,3.34,44.83,4.06,-23.899999618530273,5.320000171661377,23.54,1.67,117.54,64.9,78.26,-15.25,7.639999866485596,0.8500000238418579,33.09,3.54,44.29999923706055,-20.649999618530273,,,,,,,,
156,91.14,2.05,76.81,3.32,54.09,3.58,63.75,3.74,44.7,4.67,-23.899999618530273,5.320000171661377,23.8,1.81,117.5,64.73,78.23,-15.22,7.789999961853027,0.8700000047683716,33.28,3.72,44.2599983215332,-20.649999618530273,,,,,,,,
157,91.04,2.66,76.84,3.29,54.13,3.97,63.6,4.27,44.33,5.52,-23.899999618530273,5.320000171661377,23.91,2.09,117.54,64.9,78.17,-15.21,7.550000190734863,1.059999942779541,33.28,3.94,44.18000030517578,-20.649999618530273,,,,,,,,
158,90.99,2.99,76.84,3.41,54.32,4.15,63.5,4.72,44.22,5.83,-23.899999618530273,5.320000171661377,23.48,2.85,117.53,65.08,78.13,-15.22,6.860000133514404,1.600000023841858,33.16,4.3,44.130001068115234,-20.670000076293945,,,,,,,,
159,91.04,3.11,76.8,3.91,53.62,5.45,63.59,4.88,44.37,5.96,-23.899999618530273,5.320000171661377,23.21,3.37,117.59,65.08,78.11,-15.22,6.849999904632568,1.7100000381469727,33.35,4.49,44.060001373291016,-20.649999618530273,,,,,,,,
160,91.23,3.28,76.81,3.87,52.88,6.66,63.54,5.35,44.67,5.84,-24.15999984741211,5.440000057220459,23.19,3.71,117.63,65.26,78.08,-15.24,7.199999809265137,1.590000033378601,33.13,4.8,44.040000915527344,-20.670000076293945,,,,,,,,
161,91.31,3.41,76.68,4.32,53.05,7.01,63.34,6.01,44.51,6.47,-24.15999984741211,5.440000057220459,22.99,4.08,117.63,65.26,78.02,-15.25,7.21999979019165,1.7100000381469727,33.04,4.95,44.0,-20.670000076293945,,,,,,,,
162,91.37,3.65,76.47,5.21,53.32,7.15,63.23,6.29,44.33,6.95,-24.030000686645508,5.380000114440918,23.07,4.32,117.63,65.26,78.01,-15.25,7.409999847412109,1.7300000190734863,33.11,5.19,43.97999954223633,-20.68000030517578,,,,,,,,
163,91.46,4.24,76.4,5.61,53.66,7.03,63.32,6.25,44.37,7.19,-24.030000686645508,5.380000114440918,23.02,4.72,117.59,65.08,77.94,-15.24,8.819999694824219,0.949999988079071,32.98,5.57,43.959999084472656,-20.68000030517578,,,,,,,,
164,91.45,5.12,76.32,5.78,54.0,6.97,63.29,6.45,44.25,7.51,-24.030000686645508,5.380000114440918,23.14,4.85,117.54,64.9,77.91,-15.25,9.079999923706055,0.8199999928474426,32.83,6.01,43.900001525878906,-20.670000076293945,,,,,,,,
165,91.37,5.85,76.29,6.0,54.23,6.84,63.31,6.55,43.92,8.23,-24.030000686645508,5.380000114440918,23.36,4.88,117.5,64.73,77.87,-15.27,8.8100004196167,1.0099999904632568,32.75,6.35,43.81999969482422,-20.670000076293945,,,,,,,,
166,91.18,6.41,76.25,6.18,54.33,6.85,63.47,6.57,43.46,9.3,-24.030000686645508,5.380000114440918,23.46,5.07,117.5,64.73,77.86,-15.29,9.140000343322754,1.1100000143051147,32.26,7.12,43.84000015258789,-20.68000030517578,,,,,,,,
167,91.13,6.66,76.13,6.49,54.17,7.37,63.36,7.27,43.33,9.9,-24.030000686645508,5.380000114440918,23.33,5.41,117.5,64.73,77.85,-15.31,8.680000305175781,1.7300000190734863,32.41,7.26,43.79999923706055,-20.690000534057617,,,,,,,,
168,91.07,6.61,76.17,6.69,53.67,8.41,63.43,7.7,43.73,10.01,-23.899999618530273,5.320000171661377,22.87,6.01,117.5,64.73,77.85,-15.31,9.0,2.059999942779541,32.48,7.51,43.779998779296875,-20.690000534057617,,,,,,,,
169,90.98,6.64,76.09,7.01,53.25,9.56,63.15,8.83,44.1,10.06,-23.899999618530273,5.320000171661377,22.27,6.8,117.46,64.55,77.86,-15.33,8.819999694824219,2.440000057220459,32.47,7.88,43.7599983215332,-20.68000030517578,,,,,,,,
170,90.93,6.81,76.18,7.4,52.82,10.58,62.83,10.01,44.42,9.92,-23.950000762939453,5.320000171661377,22.63,6.97,117.46,64.55,77.86,-15.34,9.350000381469727,2.450000047683716,32.41,8.18,43.7400016784668,-20.68000030517578,,,,,,,,
171,90.9,7.29,76.13,8.43,52.66,11.23,62.88,10.59,44.8,9.84,-23.989999771118164,5.309999942779541,23.07,7.16,117.51,64.55,77.86,-15.34,9.1899995803833,2.609999895095825,32.42,8.37,43.66999816894531,-20.65999984741211,,,,,,,,
172,90.9,8.42,76.1,9.34,53.03,11.34,63.13,10.68,44.89,10.29,-23.989999771118164,5.309999942779541,23.5,7.34,117.46,64.55,77.85,-15.35,9.09000015258789,2.950000047683716,32.49,8.5,43.619998931884766,-20.639999389648438,,,,,,,,
173,90.85,9.44,76.1,9.7,53.5,11.22,63.28,10.99,44.82,10.85,-23.950000762939453,5.320000171661377,23.83,7.51,117.51,64.55,77.83,-15.35,8.90999984741211,3.3399999141693115,32.07,9.08,43.599998474121094,-20.649999618530273,,,,,,,,
174,90.82,9.77,76.16,9.87,53.93,10.96,63.41,11.18,44.63,11.66,-23.989999771118164,5.309999942779541,23.97,7.72,117.5,64.73,77.82,-15.33,8.520000457763672,3.9000000953674316,31.55,9.79,43.58000183105469,-20.649999618530273,,,,,,,,
175,90.79,9.91,76.3,9.99,54.07,11.04,63.54,11.14,44.25,12.53,-23.989999771118164,5.309999942779541,24.02,8.04,117.5,64.73,77.84,-15.33,8.289999961853027,4.420000076293945,31.13,10.66,43.58000183105469,-20.649999618530273,,,,,,,,
176,90.79,10.11,76.32,10.15,54.14,11.24,63.65,11.21,43.97,13.38,-24.239999771118164,5.429999828338623,23.24,8.99,117.5,64.73,77.83,-15.35,8.210000038146973,4.980000019073486,30.88,11.52,43.560001373291016,-20.639999389648438,,,,,,,,
177,90.79,10.35,76.41,10.22,54.36,11.39,63.53,11.73,44.25,13.62,-24.239999771118164,5.429999828338623,22.71,9.93,117.5,64.73,77.79,-15.36,8.34000015258789,5.309999942779541,30.86,11.93,43.59000015258789,-20.690000534057617,,,,,,,,
178,90.82,10.7,76.45,10.33,54.48,11.84,63.18,12.65,44.35,14.05,-24.290000915527344,5.420000076293945,22.23,10.77,117.5,64.73,77.77,-15.36,8.75,5.619999885559082,31.6,11.95,43.63999938964844,-20.709999084472656,,,,,,,,
179,90.79,10.9,76.37,10.91,54.23,12.69,62.82,13.79,44.38,14.47,-24.459999084472656,5.480000019073486,22.3,11.06,117.5,64.73,77.75,-15.36,9.260000228881836,5.75,31.84,12.34,43.75,-20.729999542236328,,,,,,,,
180,90.79,12.08,76.28,11.56,53.73,14.0,62.8,14.5,44.39,14.69,-24.3700008392334,5.409999847412109,22.47,11.44,117.46,64.55,77.77,-15.36,9.270000457763672,6.079999923706055,32.28,12.39,,,,,,,,,,
181,90.76,13.3,75.93,13.16,53.27,15.38,62.98,14.71,44.71,14.66,-24.1200008392334,5.300000190734863,22.72,11.83,117.46,64.55,77.75,-15.36,9.460000038146973,6.239999771118164,32.46,12.48,,,,,,,,,,
182,90.63,14.22,75.88,13.81,53.35,15.95,63.15,14.67,44.83,15.03,-24.170000076293945,5.289999961853027,22.4,12.52,117.5,64.73,77.75,-15.35,8.9399995803833,6.960000038146973,32.8,12.46,,,,,,,,,,
183,90.6,14.62,75.84,14.1,53.58,16.12,63.18,14.87,44.47,15.93,-23.959999084472656,5.170000076293945,23.04,12.16,117.54,64.9,77.74,-15.33,8.489999771118164,7.650000095367432,32.77,12.8,,,,,,,,,,
184,90.6,14.5,75.72,14.15,54.04,15.89,63.21,15.07,44.15,16.85,-23.959999084472656,5.170000076293945,23.17,12.25,117.53,65.08,77.74,-15.33,8.34000015258789,8.529999732971191,32.42,13.55,,,,,,,,,,
185,90.54,14.61,75.67,14.2,54.39,15.87,63.28,15.35,44.0,17.68,-23.959999084472656,5.170000076293945,22.85,12.87,117.49,64.9,77.72,-15.33,8.649999618530273,8.850000381469727,31.88,14.59,,,,,,,,,,
186,90.57,14.67,75.67,14.51,54.62,15.83,63.36,15.62,44.42,17.65,-24.0,5.159999847412109,22.41,13.64,117.49,64.9,77.7,-15.32,9.020000457763672,8.970000267028809,31.7,15.17,,,,,,,,,,
187,90.54,14.66,75.73,14.58,54.82,16.06,63.12,16.54,44.94,17.48,-24.010000228881836,5.090000152587891,22.24,14.31,117.49,64.9,77.68,-15.32,9.369999885559082,9.220000267028809,31.88,15.57,,,,,,,,,,
188,90.54,14.84,75.78,14.64,54.75,16.55,62.73,17.83,45.39,17.54,-23.93000030517578,5.03000020980835,22.49,14.65,117.49,64.9,77.68,-15.32,9.989999771118164,9.229999542236328,32.51,15.35,,,,,,,,,,
189,90.57,15.53,75.63,15.43,54.41,17.38,62.51,18.82,45.44,17.78,-23.969999313354492,5.019999980926514,23.1,14.88,117.49,64.9,77.66,-15.32,10.020000457763672,9.449999809265137,32.54,15.81,,,,,,,,,,
190,90.63,16.98,75.37,17.01,53.83,18.73,62.51,19.41,45.35,18.23,-23.889999389648438,4.960000038146973,23.5,15.09,117.47,65.07,77.65,-15.31,9.829999923706055,9.930000305175781,31.87,16.9,,,,,,,,,,
191,90.6,17.72,75.3,17.94,53.22,20.21,62.69,19.66,45.53,18.49,-23.93000030517578,4.949999809265137,23.78,15.28,117.47,65.07,77.65,-15.31,9.729999542236328,10.350000381469727,32.42,16.65,,,,,,,,,,
192,90.6,17.66,75.38,18.22,53.22,20.85,62.93,19.69,44.73,20.32,-23.850000381469727,4.889999866485596,24.08,15.4,117.47,65.07,77.65,-15.31,9.180000305175781,11.100000381469727,32.78,16.62,,,,,,,,,,
193,90.6,17.72,75.59,18.31,53.67,20.91,63.06,20.08,44.26,21.36,-24.059999465942383,4.940000057220459,23.68,16.15,117.47,65.07,77.63,-15.31,8.869999885559082,12.050000190734863,32.65,17.08,,,,,,,,,,
194,90.6,18.04,75.63,18.46,54.09,20.8,63.23,19.88,44.06,22.28,-24.110000610351562,4.929999828338623,23.18,17.23,117.43,64.89,77.65,-15.31,8.609999656677246,12.640000343322754,32.25,18.0,,,,,,,,,,
195,90.67,18.36,75.71,18.47,54.42,20.76,63.44,19.75,44.08,22.9,-24.190000534057617,4.920000076293945,22.24,18.56,117.39,64.72,77.65,-15.31,8.850000381469727,13.0600004196167,31.71,18.93,,,,,,,,,,
196,90.63,18.74,75.73,18.54,54.7,20.39,63.31,20.5,44.38,22.94,-24.31999969482422,4.980000019073486,22.18,19.25,117.39,64.72,77.65,-15.31,9.680000305175781,13.0,31.41,19.91,,,,,,,,,,
197,90.63,19.27,75.6,18.94,54.66,20.87,62.91,22.02,44.89,22.82,-24.40999984741211,4.96999979019165,23.05,19.09,117.43,64.89,77.65,-15.31,10.199999809265137,13.149999618530273,31.62,20.46,,,,,,,,,,
198,90.63,20.67,75.47,19.84,54.67,21.35,62.62,23.29,45.06,22.84,-24.40999984741211,4.96999979019165,23.43,19.31,117.43,64.89,77.65,-15.31,9.949999809265137,13.829999923706055,32.15,20.52,,,,,,,,,,
199,90.6,21.93,75.3,20.62,54.64,22.01,62.56,23.87,45.07,23.19,-24.40999984741211,4.96999979019165,23.58,19.77,117.43,64.89,77.65,-15.31,9.600000381469727,14.520000457763672,32.66,20.5,,,,,,,,,,
200,90.59,22.5,74.97,21.92,54.65,22.51,62.64,24.14,45.37,23.23,-24.40999984741211,4.96999979019165,23.3,20.46,117.33,64.71,77.65,-15.31,9.539999961853027,15.010000228881836,33.04,20.63,,,,,,,,,,
201,90.63,22.5,74.87,22.52,54.7,23.2,62.94,23.92,45.05,24.18,-24.489999771118164,5.03000020980835,23.64,20.32,117.39,64.72,77.65,-15.31,8.850000381469727,16.020000457763672,33.46,20.77,,,,,,,,,,
202,90.67,22.51,74.85,22.6,54.12,24.88,63.21,23.78,44.41,25.88,-24.489999771118164,5.03000020980835,23.62,20.86,117.39,64.72,77.67,-15.3,8.680000305175781,16.510000228881836,33.74,20.89,,,,,,,,,,
203,90.78,22.45,74.77,22.59,54.04,25.5,63.25,24.12,44.14,27.01,-24.530000686645508,5.019999980926514,23.06,21.9,117.35,64.54,77.67,-15.3,8.6899995803833,17.1200008392334,33.07,22.23,,,,,,,,,,
204,90.78,22.38,74.81,22.59,54.35,25.63,63.2,24.37,44.51,27.05,-24.610000610351562,5.090000152587891,22.21,23.42,117.39,64.72,77.65,-15.31,9.09000015258789,17.440000534057617,32.48,23.37,,,,,,,,,,
205,90.78,23.33,74.93,22.61,54.74,25.4,63.23,24.63,45.37,26.37,-24.739999771118164,5.150000095367432,23.09,23.33,117.39,64.72,77.63,-15.31,9.449999809265137,17.65999984741211,32.28,24.29,,,,,,,,,,
206,90.78,24.6,74.95,22.69,54.75,25.86,62.98,26.0,46.02,25.87,-24.450000762939453,4.960000038146973,23.74,23.31,117.39,64.72,77.63,-15.31,9.8100004196167,17.8799991607666,32.77,24.25,,,,,,,,,,
207,90.82,25.93,75.09,22.78,54.93,26.15,62.61,27.6,46.38,25.91,-24.200000762939453,4.849999904632568,24.85,22.95,117.39,64.72,77.64,-15.33,10.069999694824219,18.18000030517578,33.49,24.05,,,,,,,,,,
208,90.83,26.66,74.9,24.43,54.98,26.44,62.37,28.6,46.59,26.13,-24.200000762939453,4.849999904632568,24.75,23.62,117.39,64.72,77.64,-15.33,9.859999656677246,18.690000534057617,34.09,23.93,,,,,,,,,,
209,90.75,26.73,74.65,25.73,54.99,27.0,62.49,28.9,46.16,27.33,-24.239999771118164,4.840000152587891,25.01,23.84,117.45,64.72,77.66,-15.32,9.699999809265137,19.1299991607666,33.79,24.75,,,,,,,,,,
210,90.59,26.87,74.57,26.31,55.0,27.38,62.78,28.75,45.87,28.49,-23.90999984741211,4.670000076293945,24.74,24.6,117.45,64.72,77.63,-15.31,9.390000343322754,19.84000015258789,34.02,24.78,,,,,,,,,,
211,90.59,27.04,74.73,26.33,54.83,28.13,63.09,28.78,45.4,29.98,-24.079999923706055,4.71999979019165,24.33,25.45,117.5,64.73,77.63,-15.31,9.210000038146973,20.479999542236328,34.07,25.17,,,,,,,,,,
212,90.67,27.05,74.77,26.34,54.62,28.98,62.99,29.44,45.03,31.32,-24.0,4.650000095367432,24.37,26.17,117.5,64.73,77.63,-15.29,9.220000267028809,21.149999618530273,33.65,26.11,,,,,,,,,,
213,90.63,27.45,74.92,26.27,54.54,29.67,63.06,29.64,44.97,31.86,-24.15999984741211,4.710000038146973,24.05,27.07,117.5,64.73,77.63,-15.29,9.850000381469727,21.219999313354492,33.14,27.37,,,,,,,,,,
214,90.71,28.21,74.97,26.62,54.54,30.28,63.22,29.86,45.49,31.59,-24.079999923706055,4.639999866485596,24.37,27.32,117.42,64.37,77.65,-15.29,10.319999694824219,21.56999969482422,32.52,28.87,,,,,,,,,,
215,90.71,29.59,74.98,26.97,54.73,30.4,63.13,30.64,46.12,31.12,-23.6299991607666,4.409999847412109,24.31,28.06,117.47,64.38,77.66,-15.29,10.789999961853027,21.81999969482422,32.21,29.91,,,,,,,,,,
216,90.67,30.38,74.97,27.23,54.83,30.52,62.67,32.22,46.1,31.88,-23.3799991607666,4.300000190734863,24.29,28.71,117.43,64.2,77.66,-15.29,11.020000457763672,22.139999389648438,32.57,30.28,,,,,,,,,,
217,90.67,31.1,74.83,28.1,55.02,30.74,62.49,33.14,46.23,32.11,-23.260000228881836,4.239999771118164,23.99,29.56,117.43,64.2,77.66,-15.29,10.90999984741211,22.719999313354492,33.09,30.23,,,,,,,,,,
218,90.67,31.56,74.6,29.63,55.25,30.98,62.36,34.09,46.24,32.55,-23.139999389648438,4.190000057220459,24.51,29.28,117.43,64.2,77.69,-15.3,10.390000343322754,23.670000076293945,33.76,29.97,,,,,,,,,,
219,90.67,31.65,74.42,30.46,55.22,31.7,62.56,34.22,46.16,32.99,-22.889999389648438,4.079999923706055,24.16,30.14,117.43,64.2,77.7,-15.32,9.90999984741211,24.440000534057617,34.4,29.83,,,,,,,,,,
220,90.71,31.66,74.43,30.65,55.05,32.64,62.73,34.13,45.93,33.86,-22.770000457763672,4.019999980926514,24.03,30.81,117.47,64.38,77.7,-15.32,9.819999694824219,25.270000457763672,34.65,30.07,,,,,,,,,,
221,90.71,31.66,74.51,30.46,55.11,32.97,63.04,33.95,45.8,34.89,-22.649999618530273,3.9700000286102295,23.67,31.7,117.47,64.38,77.7,-15.32,9.430000305175781,26.079999923706055,34.41,30.92,,,,,,,,,,
222,90.71,31.84,74.49,30.56,55.03,33.84,63.18,33.96,45.68,35.7,-22.649999618530273,3.9700000286102295,23.75,32.41,117.47,64.38,77.7,-15.32,9.720000267028809,26.440000534057617,33.76,32.44,,,,,,,,,,
223,90.71,32.22,74.47,31.33,54.75,35.04,63.3,34.19,46.39,35.07,-22.809999465942383,4.019999980926514,24.02,32.92,117.47,64.38,77.7,-15.32,10.279999732971191,26.610000610351562,33.38,33.44,,,,,,,,,,
224,90.71,33.26,74.48,31.72,54.62,36.06,63.41,34.31,46.57,35.32,-22.809999465942383,4.019999980926514,24.5,33.09,117.43,64.2,77.71,-15.32,9.390000343322754,28.06999969482422,33.32,34.39,,,,,,,,,,
225,90.8,35.14,74.44,31.91,54.58,36.76,63.06,35.82,46.94,35.13,-22.93000030517578,4.070000171661377,25.24,32.81,117.48,64.21,77.71,-15.32,11.039999961853027,26.920000076293945,33.11,35.34,,,,,,,,,,
226,90.85,35.65,74.45,32.31,54.54,37.36,62.66,37.62,47.02,35.49,-23.059999465942383,4.130000114440918,25.66,32.85,117.48,64.21,77.71,-15.32,10.970000267028809,27.350000381469727,33.5,35.26,,,,,,,,,,
227,90.85,36.16,74.13,34.11,54.64,37.61,62.46,38.55,47.02,36.2,-23.18000030517578,4.179999828338623,26.04,33.01,117.48,64.21,77.74,-15.33,10.220000267028809,28.389999389648438,34.28,34.61,,,,,,,,,,
228,90.8,36.16,74.04,35.05,54.89,37.63,62.41,39.03,46.74,37.26,-23.18000030517578,4.179999828338623,25.48,34.29,117.48,64.21,77.74,-15.33,9.930000305175781,29.049999237060547,34.85,34.43,,,,,,,,,,
229,90.76,36.15,74.16,35.38,55.0,37.76,62.46,39.52,46.25,38.83,-23.18000030517578,4.179999828338623,24.15,36.55,117.44,64.03,77.72,-15.33,9.739999771118164,29.959999084472656,34.21,35.95,,,,,,,,,,
230,90.76,36.36,74.22,35.28,55.2,37.79,62.47,40.14,46.15,39.46,-23.219999313354492,4.179999828338623,24.3,36.95,117.44,64.03,77.74,-15.33,9.539999961853027,30.770000457763672,34.83,35.52,,,,,,,,,,
231,90.8,36.68,74.32,35.51,55.3,38.04,62.66,40.03,45.9,40.61,-23.219999313354492,4.179999828338623,24.7,37.12,117.4,63.86,77.74,-15.33,9.789999961853027,31.280000686645508,34.94,36.02,,,,,,,,,,
232,90.8,36.78,74.44,35.63,55.06,38.62,62.58,40.27,46.29,40.52,-23.18000030517578,4.179999828338623,25.75,36.45,117.4,63.86,77.72,-15.33,10.319999694824219,31.459999084472656,34.56,37.11,,,,,,,,,,
233,90.81,38.05,74.51,35.74,54.78,39.84,62.78,40.29,46.62,40.29,-23.219999313354492,4.179999828338623,26.71,36.04,117.4,63.86,77.75,-15.35,10.800000190734863,31.75,34.06,38.48,,,,,,,,,,
234,90.81,39.59,74.5,36.07,54.48,41.09,62.65,41.03,46.85,40.18,-23.18000030517578,4.179999828338623,27.05,36.2,117.4,63.86,77.75,-15.35,11.119999885559082,32.029998779296875,33.6,39.62,,,,,,,,,,
235,90.86,40.61,74.37,36.49,54.38,41.87,62.53,41.91,47.09,39.69,-23.18000030517578,4.179999828338623,25.85,38.17,117.46,63.86,77.75,-15.35,11.550000190734863,32.08000183105469,33.29,40.81,,,,,,,,,,
236,90.91,41.08,74.25,37.37,54.6,42.15,62.18,43.72,46.81,40.7,-23.18000030517578,4.179999828338623,25.81,38.7,117.41,63.69,77.76,-15.34,11.260000228881836,32.90999984741211,33.12,41.91,,,,,,,,,,
237,90.91,41.31,74.01,38.83,54.81,42.31,62.11,44.66,46.69,41.62,-23.34000015258789,4.230000019073486,25.95,38.98,117.41,63.69,77.76,-15.34,10.970000267028809,33.630001068115234,33.59,41.82,,,,,,,,,,
238,90.95,41.43,74.06,38.83,54.71,42.97,62.08,45.48,46.51,42.69,-23.34000015258789,4.230000019073486,25.51,39.89,117.4,63.86,77.76,-15.34,10.369999885559082,35.119998931884766,34.18,41.45,,,,,,,,,,
239,91.1,42.03,74.28,38.74,54.98,42.72,62.12,46.04,46.39,43.51,-23.059999465942383,4.130000114440918,25.21,41.12,117.46,63.86,77.75,-15.35,10.640000343322754,35.540000915527344,34.76,41.1,,,,,,,,,,
240,91.15,42.27,74.33,38.98,55.19,42.74,62.46,45.66,46.29,44.2,-22.93000030517578,4.070000171661377,25.23,41.84,117.5,64.04,77.75,-15.35,11.649999618530273,35.25,35.71,40.24,,,,,,,,,,
241,91.24,42.28,74.32,39.56,55.35,42.9,62.79,45.13,46.57,44.23,-22.56999969482422,3.9100000858306885,25.34,42.28,117.5,64.04,77.75,-15.35,12.210000038146973,35.310001373291016,35.55,40.77,,,,,,,,,,
242,91.3,43.37,74.33,40.28,55.52,43.45,62.85,45.28,46.32,45.35,-22.399999618530273,3.859999895095825,25.82,42.47,117.5,64.04,77.73,-15.35,12.539999961853027,35.61000061035156,35.62,41.32,,,,,,,,,,
243,91.35,43.99,74.34,40.52,55.79,43.34,63.12,44.76,46.86,44.83,-22.15999984741211,3.75,25.62,43.18,117.5,64.04,77.73,-15.35,12.930000305175781,35.779998779296875,35.33,42.55,,,,,,,,,,
244,91.36,45.87,74.33,41.12,55.64,44.15,62.8,46.39,47.32,44.59,-22.079999923706055,3.690000057220459,26.28,42.95,117.54,64.21,77.72,-15.33,12.760000228881836,36.41999816894531,35.07,43.67,,,,,,,,,,
245,91.32,46.25,74.23,42.22,55.45,45.1,62.55,47.8,47.29,45.16,-22.200000762939453,3.740000009536743,26.29,43.54,117.54,64.21,77.72,-15.33,12.0600004196167,37.56999969482422,34.94,44.68,,,,,,,,,,
246,91.37,46.26,74.12,43.1,55.14,46.36,62.55,48.38,47.6,45.48,-22.079999923706055,3.690000057220459,26.38,43.85,117.54,64.21,77.7,-15.33,11.59000015258789,38.630001068115234,35.14,44.85,,,,,,,,,,
247,91.31,45.87,74.01,44.25,55.21,46.94,62.43,48.96,47.09,47.5,-22.200000762939453,3.740000009536743,25.5,45.74,117.58,64.39,77.7,-15.32,10.680000305175781,40.11000061035156,35.23,45.3,,,,,,,,,,
248,91.27,45.86,74.09,44.39,55.39,47.55,62.27,49.7,46.36,49.74,-22.3700008392334,3.7899999618530273,25.77,46.07,117.58,64.39,77.7,-15.32,10.109999656677246,41.52000045776367,35.44,45.47,,,,,,,,,,
249,91.32,46.78,74.05,45.18,55.51,47.85,62.4,49.86,46.25,50.53,-22.489999771118164,3.8399999141693115,25.54,47.15,117.54,64.21,77.7,-15.32,11.430000305175781,40.7599983215332,35.78,45.51,,,,,,,,,,
250,91.43,47.44,74.08,45.31,55.46,48.45,62.57,49.88,46.48,50.55,-22.489999771118164,3.8399999141693115,26.12,47.05,117.5,64.04,77.69,-15.3,11.960000038146973,40.81999969482422,35.73,45.8,,,,,,,,,,
251,91.43,47.84,74.11,45.72,55.52,48.75,62.61,50.34,46.78,50.58,-22.530000686645508,3.8399999141693115,26.56,47.25,117.5,64.04,77.69,-15.3,12.25,40.9900016784668,35.54,46.54,,,,,,,,,,
252,91.49,48.66,74.24,45.6,55.53,48.91,62.54,50.79,47.01,50.6,-22.40999984741211,3.7799999713897705,26.31,48.19,117.5,64.04,77.69,-15.3,12.239999771118164,41.72999954223633,35.23,47.6,,,,,,,,,,
253,91.55,49.76,74.35,45.88,55.59,49.06,62.63,50.65,47.52,50.01,-22.40999984741211,3.7799999713897705,26.47,48.53,117.51,63.87,77.67,-15.3,12.479999542236328,41.900001525878906,34.89,48.83,,,,,,,,,,
254,91.61,50.61,74.32,46.97,55.76,49.38,62.37,52.18,47.58,50.01,-22.290000915527344,3.7300000190734863,27.34,47.8,117.51,63.87,77.67,-15.3,13.010000228881836,41.79999923706055,34.9,49.8,,,,,,,,,,
255,91.66,50.9,74.18,48.07,55.72,50.15,62.28,53.13,47.7,49.87,-22.329999923706055,3.7200000286102295,27.04,48.74,117.41,63.69,77.66,-15.29,12.770000457763672,42.68000030517578,34.19,51.72,,,,,,,,,,
256,91.71,50.76,74.07,49.06,55.57,51.08,62.23,53.94,47.93,50.05,-22.209999084472656,3.6700000762939453,26.71,49.53,117.51,63.87,77.67,-15.3,12.15999984741211,44.0,34.46,51.92,,,,,,,,,,
257,91.76,50.77,74.0,49.78,55.52,51.55,62.06,54.75,47.82,50.99,-22.09000015258789,3.609999895095825,26.57,50.35,117.51,63.87,77.69,-15.3,12.270000457763672,44.47999954223633,34.92,51.79,,,,,,,,,,
258,91.81,50.49,73.98,50.22,55.43,52.5,62.41,53.96,47.86,51.32,-22.09000015258789,3.609999895095825,26.46,51.02,117.51,63.87,77.67,-15.3,12.079999923706055,45.25,35.53,51.17,,,,,,,,,,
259,91.87,50.49,74.14,50.23,55.6,52.52,62.81,53.34,47.75,52.29,-22.209999084472656,3.6700000762939453,26.43,51.88,117.51,63.87,77.69,-15.3,12.199999809265137,45.58000183105469,36.27,50.74,,,,,,,,,,
260,91.93,51.64,74.43,49.82,55.61,53.01,62.97,53.2,47.38,53.59,-21.93000030517578,3.569999933242798,26.92,51.75,117.55,64.04,77.71,-15.3,12.630000114440918,45.779998779296875,36.46,51.09,,,,,,,,,,
261,91.99,51.79,74.54,49.83,55.79,53.35,63.15,53.21,47.69,53.45,-21.969999313354492,3.559999942779541,27.77,51.14,117.55,64.04,77.71,-15.3,13.0600004196167,45.97999954223633,36.94,50.8,,,,,,,,,,
262,92.16,52.68,74.73,49.99,56.03,53.54,63.09,53.85,48.14,52.82,-22.209999084472656,3.6700000762939453,28.28,50.85,117.55,64.04,77.71,-15.3,12.5600004196167,47.06999969482422,36.81,51.62,,,,,,,,,,
263,92.29,54.19,74.84,50.0,56.22,53.89,63.35,53.55,48.23,53.5,-22.329999923706055,3.7200000286102295,28.18,51.52,117.55,64.04,77.71,-15.3,12.930000305175781,46.939998626708984,36.36,53.29,,,,,,,,,,
264,92.41,55.12,74.81,50.89,56.28,54.06,63.21,54.52,48.59,53.53,-22.329999923706055,3.7200000286102295,28.29,51.87,117.59,64.22,77.69,-15.3,12.300000190734863,48.040000915527344,36.32,53.98,,,,,,,,,,
265,92.52,55.29,74.78,52.1,56.46,54.08,62.9,55.66,48.5,54.2,-22.329999923706055,3.7200000286102295,28.11,52.9,117.65,64.22,77.69,-15.3,11.710000038146973,49.34000015258789,35.82,55.53,,,,,,,,,,
266,92.51,54.98,74.75,53.02,56.52,54.25,62.79,56.5,48.33,55.22,-22.329999923706055,3.7200000286102295,28.22,53.26,117.61,64.05,77.71,-15.3,11.510000228881836,50.0099983215332,36.04,55.73,,,,,,,,,,
267,92.47,55.44,74.92,53.03,56.82,54.28,62.57,57.35,48.04,56.07,-22.739999771118164,3.880000114440918,28.42,53.81,117.7,64.23,77.69,-15.3,11.300000190734863,50.86000061035156,36.78,55.08,,,,,,,,,,
268,92.48,55.91,74.9,53.5,56.67,55.28,62.6,57.7,48.01,56.78,-22.979999542236328,3.990000009536743,28.36,54.34,117.7,64.23,77.69,-15.3,11.350000381469727,51.400001525878906,36.61,55.78,,,,,,,,,,
269,92.43,56.22,74.86,54.13,56.42,56.81,62.46,58.93,47.7,58.02,-22.780000686645508,3.880000114440918,28.57,54.54,117.85,64.58,77.69,-15.3,12.329999923706055,50.959999084472656,36.66,56.33,,,,,,,,,,
270,92.38,56.37,74.79,54.6,56.2,58.03,62.62,58.77,47.53,58.74,-22.6200008392334,3.8299999237060547,28.33,55.61,117.89,64.76,77.69,-15.3,12.649999618530273,51.15999984741211,36.85,56.35,,,,,,,,,,
271,92.38,56.69,74.87,54.45,56.1,58.74,62.64,58.95,47.73,58.57,-22.5,3.7699999809265137,28.48,55.8,117.94,64.76,77.69,-15.3,12.710000038146973,51.70000076293945,37.01,56.54,,,,,,,,,,
272,92.45,57.33,75.04,54.46,56.35,58.94,62.59,59.85,47.79,58.76,-22.540000915527344,3.7699999809265137,28.43,56.36,118.13,65.3,77.7,-15.32,13.039999961853027,51.72999954223633,37.48,56.4,,,,,,,,,,
273,92.46,57.98,75.2,54.48,56.48,59.14,62.91,59.33,48.11,58.6,-22.8700008392334,3.869999885559082,28.37,56.91,118.18,65.31,77.68,-15.32,13.489999771118164,51.59000015258789,37.22,57.3,,,,,,,,,,
274,92.47,58.48,75.22,55.12,56.55,59.51,62.88,60.42,48.03,58.97,-22.670000076293945,3.75,28.03,57.83,118.23,65.49,77.68,-15.32,13.8100004196167,51.619998931884766,37.05,58.03,,,,,,,,,,
275,92.48,59.31,75.09,56.42,56.79,59.35,63.0,60.43,48.16,58.98,-22.920000076293945,3.7899999618530273,28.18,58.03,118.33,65.67,77.66,-15.32,13.75,52.33000183105469,37.22,58.23,,,,,,,,,,
276,92.55,60.16,75.14,57.26,57.04,59.37,62.76,61.9,48.14,59.35,-22.84000015258789,3.7300000190734863,28.12,58.61,118.33,65.67,77.68,-15.32,13.619999885559082,53.220001220703125,36.95,59.16,,,,,,,,,,
277,92.61,60.33,75.14,58.46,57.18,59.75,62.82,61.9,47.98,60.09,-22.639999389648438,3.619999885559082,28.49,58.45,118.37,65.85,77.66,-15.32,13.6899995803833,53.599998474121094,37.49,58.63,,,,,,,,,,
278,92.62,60.5,75.18,58.98,57.02,60.66,62.94,61.92,48.02,60.47,-22.719999313354492,3.5999999046325684,28.68,58.85,118.28,65.49,77.66,-15.32,13.890000343322754,53.79999923706055,37.62,58.64,,,,,,,,,,
279,92.62,60.5,75.37,58.48,57.15,60.86,63.18,61.75,48.09,60.48,-22.690000534057617,3.5399999618530273,29.01,58.88,118.24,65.31,77.66,-15.32,13.819999694824219,54.529998779296875,37.63,59.03,,,,,,,,,,
280,92.62,60.5,75.56,57.98,57.27,60.69,63.61,61.04,48.21,60.49,-22.729999542236328,3.5299999713897705,29.21,58.89,118.24,65.31,77.66,-15.32,14.220000267028809,54.380001068115234,37.4,59.77,,,,,,,,,,
281,92.56,60.5,75.69,57.48,57.46,60.7,63.7,61.42,48.49,60.13,-22.729999542236328,3.5299999713897705,29.21,58.89,118.24,65.31,77.66,-15.32,13.760000228881836,55.470001220703125,37.77,59.42,,,,,,,,,,
282,92.5,60.67,75.7,57.82,57.6,61.09,63.81,61.24,48.41,60.51,-22.770000457763672,3.5299999713897705,29.44,58.72,118.24,65.31,77.66,-15.32,14.15999984741211,55.5,37.58,60.37,,,,,,,,,,
283,92.51,61.18,75.7,58.68,57.56,61.85,63.68,62.55,48.04,61.44,-22.649999618530273,3.4700000286102295,29.04,59.66,118.24,65.31,77.66,-15.32,13.899999618530273,56.2400016784668,36.93,62.1,,,,,,,,,,
284,92.46,61.7,75.7,59.55,57.58,62.23,63.64,63.5,48.12,61.25,-22.690000534057617,3.4700000286102295,28.55,61.01,118.24,65.31,77.64,-15.33,13.760000228881836,56.619998931884766,36.82,62.9,,,,,,,,,,
285,92.24,62.03,75.72,60.26,57.94,61.88,63.8,63.91,47.89,62.01,-23.469999313354492,3.7899999618530273,28.75,61.03,118.24,65.31,77.63,-15.31,13.829999923706055,57.0099983215332,36.7,63.3,,,,,,,,,,
286,92.01,62.37,75.73,60.61,58.07,61.89,64.07,64.12,47.96,61.82,-23.6299991607666,3.8399999141693115,28.66,61.43,118.33,65.67,77.61,-15.31,13.970000267028809,57.41999816894531,37.28,62.53,,,,,,,,,,
287,91.77,61.82,75.76,60.79,58.03,62.46,64.17,64.52,47.96,61.82,-22.899999618530273,3.509999990463257,28.65,61.83,118.28,65.49,77.61,-15.31,13.770000457763672,58.189998626708984,37.67,62.16,,,,,,,,,,
288,91.66,62.16,75.88,60.81,58.09,62.46,64.4,64.35,47.95,62.01,,,28.31,62.42,118.2,65.13,77.63,-15.29,13.489999771118164,58.970001220703125,37.45,62.75,,,,,,,,,,
289,91.43,62.32,75.98,60.99,58.23,62.67,64.65,63.59,47.51,62.97,,,28.16,62.82,118.14,65.13,77.63,-15.29,13.770000457763672,58.9900016784668,37.49,62.96,,,,,,,,,,
290,91.14,62.12,76.1,61.0,58.35,62.49,65.01,62.85,47.36,63.35,,,28.0,63.22,118.14,65.13,77.65,-15.31,13.149999618530273,60.56999969482422,37.56,62.96,,,,,,,,,,
291,90.85,62.27,76.23,61.38,58.63,61.74,65.14,62.86,47.59,62.77,,,28.25,63.04,118.14,65.13,77.67,-15.3,13.489999771118164,60.189998626708984,37.79,62.78,,,,,,,,,,
292,90.5,62.24,76.27,61.56,58.75,61.56,65.07,63.43,47.74,62.39,,,28.54,62.64,118.14,65.13,77.67,-15.3,13.210000038146973,60.9900016784668,37.86,62.78,,,,,,,,,,
293,90.33,62.05,76.28,61.93,58.86,61.38,65.3,63.25,47.68,62.19,,,28.66,62.45,118.24,65.31,77.68,-15.32,13.069999694824219,61.81999969482422,38.02,62.59,,,,,,,,,,
294,90.21,62.04,76.46,61.94,58.92,61.39,65.43,63.27,47.69,61.99,,,28.59,62.44,118.24,65.31,77.68,-15.32,13.420000076293945,61.849998474121094,38.02,62.59,,,,,,,,,,
295,90.09,61.85,76.62,62.14,59.05,61.4,65.59,63.09,47.56,61.98,,,28.54,62.64,118.24,65.31,77.68,-15.32,13.779999732971191,61.65999984741211,38.11,62.4,,,,,,,,,,
296,89.98,62.02,76.78,62.33,58.94,61.77,65.51,64.05,47.36,62.16,,,28.72,62.45,118.15,64.96,77.7,-15.33,13.710000038146973,62.5,38.04,62.39,,,,,,,,,,
297,89.92,62.01,76.95,62.9,58.95,61.96,65.52,64.83,47.36,62.16,,,28.5,62.85,118.15,64.96,77.7,-15.33,13.850000381469727,62.939998626708984,38.02,62.59,,,,,,,,,,
298,89.8,62.0,77.14,62.37,59.01,61.97,65.86,63.88,47.23,62.15,,,28.25,63.04,118.15,64.96,77.7,-15.33,14.40999984741211,62.349998474121094,38.02,62.59,,,,,,,,,,
299,89.57,61.98,77.36,62.02,58.77,62.14,66.22,62.57,46.89,62.32,,,28.3,62.83,118.14,65.13,77.7,-15.33,14.350000381469727,62.560001373291016,38.11,62.4,,,,,,,,,,
300,89.4,61.44,77.57,61.85,58.76,61.95,66.24,62.19,46.69,62.3,,,28.74,62.04,118.14,65.13,77.7,-15.33,,,38.27,62.21,,,,,,,,,,
301,89.22,61.6,77.77,61.69,58.87,61.57,66.42,61.65,46.64,62.1,,,28.89,61.65,118.14,65.13,77.73,-15.35,,,38.4,62.22,,,,,,,,,,
302,89.05,61.76,77.85,61.51,58.92,61.2,66.46,61.46,46.47,61.7,,,28.94,61.45,118.24,65.31,77.73,-15.35,,,38.38,62.42,,,,,,,,,,
303,88.87,61.74,78.01,61.71,58.9,60.82,66.59,60.92,46.21,61.67,,,28.98,61.25,118.28,65.49,77.76,-15.38,16.360000610351562,61.2400016784668,38.44,62.43,,,,,,,,,,
304,88.68,62.44,78.02,62.07,58.73,61.18,66.59,60.92,46.08,61.66,,,28.91,61.24,118.28,65.49,77.78,-15.38,16.229999542236328,61.650001525878906,38.63,62.04,,,,,,,,,,
305,88.37,63.5,78.13,61.72,58.6,61.17,66.55,61.1,45.8,61.84,,,28.71,61.23,118.24,65.31,77.78,-15.39,16.440000534057617,61.66999816894531,38.81,61.65,,,,,,,,,,
306,88.04,62.56,78.21,61.54,58.6,61.17,66.71,60.93,45.61,61.82,,,28.83,60.63,118.18,65.31,77.77,-15.41,16.309999465942383,62.08000183105469,39.1,60.89,,,,,,,,,,
307,87.82,61.83,78.14,62.08,58.41,61.16,66.45,61.83,45.26,62.19,,,28.7,60.62,118.18,65.31,77.79,-15.41,15.899999618530273,62.88999938964844,39.19,60.7,,,,,,,,,,
308,87.73,60.77,78.29,61.91,58.5,60.23,66.4,62.02,44.99,62.16,,,27.99,61.37,118.27,65.67,77.81,-15.4,15.699999809265137,63.310001373291016,39.13,60.7,,,,,,,,,,
309,87.69,60.24,78.39,61.56,58.43,60.04,66.44,61.28,45.02,61.77,,,27.9,61.16,118.27,65.67,77.83,-15.4,16.049999237060547,63.119998931884766,39.02,60.49,,,,,,,,,,
310,87.58,60.06,78.51,61.57,58.29,59.66,66.46,60.36,44.6,62.13,,,27.76,61.15,118.33,65.67,77.83,-15.42,16.540000915527344,62.72999954223633,38.95,60.49,,,,,,,,,,
311,87.58,59.89,78.62,61.58,58.47,58.23,66.44,60.18,44.32,62.31,,,27.69,61.14,118.27,65.67,77.83,-15.42,16.809999465942383,62.540000915527344,38.98,60.29,,,,,,,,,,
312,87.59,59.72,78.86,61.6,58.29,58.21,66.42,59.99,43.96,62.68,,,27.49,61.13,118.23,65.49,77.83,-15.4,16.75,62.75,38.91,60.29,,,,,,,,,,
313,87.52,60.06,79.0,61.43,58.16,58.2,66.4,59.81,43.86,62.27,,,26.65,62.08,118.23,65.49,77.85,-15.4,16.200000762939453,63.560001373291016,38.76,60.47,,,,,,,,,,
314,87.46,60.22,79.06,61.44,58.15,57.84,66.56,58.57,43.7,62.65,,,26.21,62.46,118.23,65.49,77.82,-15.39,15.850000381469727,63.970001220703125,38.63,60.46,,,,,,,,,,
315,87.48,59.37,79.12,61.44,57.93,58.36,66.57,57.7,44.12,61.5,,,26.08,62.44,118.23,65.49,77.85,-15.36,15.640000343322754,64.16999816894531,38.5,60.45,,,,,,,,,,
316,87.44,58.69,79.14,61.26,57.74,58.16,66.49,57.52,44.27,60.54,,,26.47,61.65,118.07,65.3,77.85,-15.36,16.329999923706055,63.13999938964844,38.32,60.24,,,,,,,,,,
317,87.48,57.54,79.2,61.27,57.61,58.15,66.37,57.51,44.71,59.06,,,26.01,61.82,118.07,65.3,77.87,-15.36,16.329999923706055,63.13999938964844,38.1,60.41,,,,,,,,,,
318,87.5,56.89,79.32,61.28,57.65,57.62,66.25,57.5,44.31,59.21,,,26.34,61.03,117.97,65.11,77.86,-15.34,16.540000915527344,62.72999954223633,38.13,60.22,,,,,,,,,,
319,87.4,56.55,79.62,61.3,57.59,57.44,66.23,57.33,44.27,58.83,,,26.7,60.06,117.97,65.11,77.89,-15.32,17.06999969482422,61.93000030517578,38.24,59.84,,,,,,,,,,
320,87.4,56.39,79.81,60.61,57.4,57.24,66.04,57.65,43.94,58.99,,,26.77,59.47,117.93,64.94,77.89,-15.32,17.0,61.91999816894531,38.47,59.1,,,,,,,,,,
321,87.41,56.07,79.96,60.27,57.44,56.72,65.68,58.15,43.48,59.14,,,26.52,59.65,117.92,65.11,77.91,-15.3,16.860000610351562,61.90999984741211,38.46,58.72,,,,,,,,,,
322,87.47,56.08,80.15,58.38,57.26,56.71,65.5,57.61,43.72,57.86,,,26.55,59.26,117.96,65.29,77.93,-15.3,16.989999771118164,61.5,38.47,58.15,,,,,,,,,,
323,87.4,56.39,80.2,58.39,57.17,55.83,65.34,57.25,43.9,57.14,,,26.05,59.61,117.96,65.29,77.96,-15.28,16.860000610351562,61.70000076293945,37.98,58.86,,,,,,,,,,
324,87.36,56.07,80.14,59.07,56.99,55.82,64.99,58.44,43.95,56.6,,,25.09,60.73,117.96,65.29,78.0,-15.29,15.279999732971191,63.70000076293945,37.44,59.01,,,,,,,,,,
325,87.38,55.44,80.16,59.41,57.09,55.31,65.18,57.41,43.75,56.77,,,25.9,58.81,117.96,65.29,78.06,-15.3,14.720000267028809,64.30999755859375,37.84,57.54,,,,,,,,,,
326,87.44,55.13,80.2,59.59,57.09,55.14,65.03,57.05,43.15,57.81,,,26.14,57.86,117.97,65.11,78.1,-15.29,14.710000038146973,64.08999633789062,37.89,57.17,,,,,,,,,,
327,87.5,53.29,80.18,59.24,57.07,54.63,65.04,56.02,43.27,57.09,,,25.6,58.39,117.97,65.11,78.12,-15.29,14.920000076293945,63.68000030517578,38.03,56.63,,,,,,,,,,
